BuilderSubdivisionID,Subdivision,Builder,Status,ProductStyle,City,County,State,Latitude,Longitude,SubmarketID,SubmarketName,UnitsPlanned,UnitsRemaining,AnnualStarts,AnnualClosings
F984C9A1-08B3-4443-85E8-31213568AAC7,Cherry Hill,Brett-Robinson | MSB Homes,Active,Single-Family Detached,Saraland,Mobile,AL,30.830633,-88.127991,SM-02,Central Mobile,68,43,5.0,7.0
7FA16FD2-A57C-4DCC-B41B-8FE65A915A7D,Belfair,DSLD Homes,Active,Single-Family Detached,Daphne,Baldwin,AL,30.61784,-87.843073,SM-06,West Baldwin,79,79,0.0,0.0
E201AEE3-B6CB-42C5-9585-DCF3374161D7,Heritage Landing,Adams Homes,Active,Single-Family Detached,Foley,Baldwin,AL,30.389554,-87.674555,SM-04,South Baldwin,115,18,33.0,38.0
774A4566-3C00-4BC0-9A2F-332CF526844B,Airways Oaks,Holiday Builders ,Active,Single-Family Detached,Milton,Santa Rosa,FL,30.642221,-86.99612,SM-10,Milton,61,5,2.0,4.0
1F621702-BBF6-4F6B-B985-32FFBF7D059B,Hodges Bayou Plantation ,Cassell Builders | Coastal Classic Homes | D.R. Horton Inc | Watertight Construction ,Active,Single-Family Detached,Panama City,Bay,FL,30.284945,-85.615927,SM-29,Bay County Submarket 2,618,362,46.0,40.0
CA84F23E-443E-44EC-B812-66573449BAD7,Watersound/Rivercamps at Crooked Creek,BCB Construction | Chuck Neel Construction Inc | Focus Construction | JC Homes and Development | Koehnemann Construction Co | Martelle Homes,Active,Single-Family Detached,Panama City Beach,Bay,FL,30.289247,-85.826459,SM-32,Bay County Submarket 1,397,207,5.0,1.0
81BE6CC2-3316-48E7-A286-EFCA31F29607,Alys Beach/BK M,Earthbuild LLC,Active,Single-Family Detached,Inlet Beach,Walton,FL,30.289666,-86.029722,SM-22,Walton and Bay Beaches,3,3,1.0,0.0
23ABA1B9-C013-4272-8739-75B70D1342D3,Watersound/Arborview Park,Huff Homes,Active,Single-Family Detached,Inlet Beach,Walton,FL,30.312269,-86.027962,SM-22,Walton and Bay Beaches,325,325,5.0,0.0
64527E50-959B-45FE-9EE8-0CA8A683FFFF,Bear Creek/SF,360 DA Investment Corp | 4A Ventures | Brown Venture Investments Inc | Coastal Custom Homebuilding | Emerald Coast Homes | Horizon Design Build Corp | Legendary Innovation Inc | Valor Communities,Active,Single-Family Detached,Freeport,Walton,FL,30.439257,-86.121977,SM-20,Freeport,366,333,12.0,17.0
D56FDE28-CCB0-4B15-9090-555C4BF1C8AC,Magnolia Ridge,Lennar Homes,Active,Single-Family Detached,Panama City,Bay,FL,30.208074,-85.595176,SM-28,Panama City,134,106,62.0,28.0
5CFE4224-590F-4295-B8FF-2ACB9C9E0574,Watersound/Naturewalk,Kolter Homes,Active,Single-Family Detached,Inlet Beach,Walton,FL,30.304443,-86.003861,SM-22,Walton and Bay Beaches,465,99,65.0,82.0
6891F171-EFD9-4806-9B3B-2CA040CB4BB4,Village at Craft Farms,D.R. Horton Inc,Built Out,Single-Family Detached,Gulf Shores,Baldwin,AL,30.323811,-87.66543,SM-04,South Baldwin,162,0,0.0,0.0
EBC97CA9-021C-4D83-8DBD-AC4CA4AFEA9B,Valhallas Landing,Herbst Homes ,Built Out,Single-Family Detached,Milton,Santa Rosa,FL,30.588352,-86.959461,SM-10,Milton,12,0,0.0,12.0
5BDAFF3E-20A2-4F3D-B5BB-982AAA55D120,Watersound/Ward Creek/Breakwater,Toll Brothers Inc,Active,Single-Family Detached,Panama City Beach,Bay,FL,30.263787,-85.873816,SM-22,Walton and Bay Beaches,348,299,32.0,44.0
A492DD6B-D86B-4054-9D26-0CA6BC8C5506,Coxwell Crossing,D.R. Horton Inc,Active,Single-Family Detached,Mobile,Mobile,AL,30.601475,-88.29297,SM-02,Central Mobile,70,65,12.0,5.0
71CB4A89-0F02-4C4D-A7EE-3DABA09A358B,Heritage Estates,,Active,Single-Family Detached,Wewahitchka,Gulf,FL,30.113631,-85.19451,SM-31,Gulf County,80,80,0.0,0.0
8ED444EC-39E6-4933-BFAE-16239010417E,Bay Springs Majors/SF,Lennar Homes,Active,Single-Family Detached,Defuniak Springs,Walton,FL,30.691259,-86.13038,SM-19,Defuniak Springs,313,311,25.0,2.0
1A17D1D1-E574-4F1B-88B6-0D26FC645C5F,Sarah Farms,Lennar Homes,Active,Single-Family Detached,Foley,Baldwin,AL,30.356101,-87.761753,SM-04,South Baldwin,94,73,40.0,18.0
43AEF8E8-CBB4-4E20-B838-F288CCA35A79,Heritage Oaks,Benchmark Homes Group | Castle Homes | Dobbins Builders | Prominence Homes & Communities,Active,Single-Family Detached,Bay Minette,Baldwin,AL,30.877803,-87.761512,SM-05,North Baldwin,83,3,3.0,0.0
9BE4D690-1014-47B7-AC09-D263B669A5EA,Harvest Green East,D.R. Horton Inc,Active,Single-Family Detached,Fairhope,Baldwin,AL,30.559361,-87.851796,SM-06,West Baldwin,227,171,57.0,56.0
736E1431-3B9B-4EC4-9706-57330F3A7C85,Hammock Oaks Estates,D.R. Horton Inc,Active,Single-Family Detached,Freeport,Walton,FL,30.501455,-86.184147,SM-20,Freeport,158,71,0.0,0.0
E80CD454-C4B2-47AB-B03B-E7D383D5B188,Pecan Grove,Lennar Homes,Active,Single-Family Detached,Silverhill,Baldwin,AL,30.547804,-87.767577,SM-12,Central Baldwin,34,2,14.0,32.0
F1DC24BE-4B5E-426A-BBEF-C34A7AFA0EE8,Paxton Farms,Adams Homes | D.R. Horton Inc,Active,Single-Family Detached,Foley,Baldwin,AL,30.353204,-87.717244,SM-04,South Baldwin,114,84,32.0,30.0
BADA2105-F703-4CF8-9A9A-FC9B1D0D1B12,Highlands,D.R. Horton Inc,Active,Single-Family Detached,Crestview,Okaloosa,FL,30.827765,-86.591481,SM-15,Okaloosa County,200,136,6.0,3.0
36E097CF-DB9D-4D7A-9538-6863859DF564,Crofton Farms/Pines,Crofton Homes | Crosswood Homes,Active,Single-Family Detached,Jay,Santa Rosa,FL,30.814967,-87.132458,SM-14,Santa Rosa County,15,6,4.0,4.0
CF6AD89D-2EAE-4EB6-8016-2CEA86BDC2BE,Longleaf Gates,D.R. Horton Inc,Built Out,Single-Family Detached,Mobile,Mobile,AL,30.621684,-88.180037,SM-02,Central Mobile,172,0,0.0,5.0
A9D36D15-51EE-4AA8-9B0B-DE84648A3560,Pine Hill,Century Communities,Active,Single-Family Detached,Panama City,Bay,FL,30.248142,-85.519391,SM-29,Bay County Submarket 2,51,51,0.0,0.0
19A89E88-AE00-42C9-97AA-EE316475AE50,Plantation Woods,D.R. Horton Inc,Active,Single-Family Detached,Milton,Santa Rosa,FL,30.632433,-86.962997,SM-10,Milton,358,80,59.0,65.0
020AF351-9D62-4EFF-8CE7-53B0951B2D4A,Hammock Bay/Moonswept ,DSLD Homes,Built Out,Single-Family Detached,Freeport,Walton,FL,30.459818,-86.179822,SM-20,Freeport,59,0,0.0,0.0
F01F7486-AFEA-4994-B627-B94E67967E8D,Alys Beach/BK LL ,Alys Beach Construction ,Active,Single-Family Detached,Inlet Beach,Walton,FL,30.283785,-86.029264,SM-22,Walton and Bay Beaches,10,10,0.0,0.0
3CCACB1E-064A-42AB-A7BC-3D537AC335CC,Alys Beach/BK EE,Alys Beach Construction  | Arkon Group | Gulfview Development & Construction LLC | Hufham/Farris Construction LLC,Active,Single-Family Detached,Inlet Beach,Walton,FL,30.28724,-86.03195,SM-22,Walton and Bay Beaches,20,19,10.0,1.0
9FB3D946-1104-4043-8C7C-A3A58BDF896C,Bear Run,D.R. Horton Inc,Active,Single-Family Detached,Saraland,Mobile,AL,30.864247,-88.119349,SM-02,Central Mobile,262,262,8.0,0.0
F930FEF7-CA96-4847-A5CD-B21BF27BA262,Jackson Creek Oaks,Cretin Townsend Homes,Active,Single-Family Detached,Theodore,Mobile,AL,30.545543,-88.301217,SM-02,Central Mobile,13,12,2.0,1.0
C6BDA09A-542C-4DBC-A4A3-8AE433E21786,Pine Top,Adams Homes,Active,Single-Family Detached,Cantonment,Escambia,FL,30.621976,-87.338027,SM-11,Cantonment,70,36,14.0,16.0
242369C9-A539-4C7D-945F-81BAA42E3279,Grand Lagoon Pointe,Southern Coastal Homes,Active,Single-Family Detached,Panama City,Bay,FL,30.163093,-85.778101,SM-22,Walton and Bay Beaches,30,30,2.0,0.0
6CC6650F-FC1B-49A4-B7B7-F960C38F7AF9,Sunny Hills/Unit 16,,Active,Single-Family Detached,Chipley,Washington,FL,30.549815,-85.515393,SM-25,Washington County,1355,1355,0.0,0.0
9E9B1F7D-F61F-4C57-815C-67DEC1FBA7BC,Colony Parke Estates,Adams Homes,Active,Single-Family Detached,Gulf Shores,Baldwin,AL,30.253725,-87.750582,SM-04,South Baldwin,63,18,26.0,30.0
94B67D82-5A44-417F-9AEB-CE7505B54EF2,Ridgeway Landing,Adams Homes,Active,Single-Family Detached,Crestview,Okaloosa,FL,30.794487,-86.565812,SM-17,Crestview,146,14,25.0,37.0
0022317F-F00E-4521-BAAC-4D8A61A49238,Days Landing,D.R. Horton Inc,Built Out,Single-Family Detached,Crestview,Okaloosa,FL,30.815422,-86.502186,SM-17,Crestview,33,0,0.0,16.0
E91750FC-27C1-4653-8CA7-1BC62AAA54F7,Tealwood Estates,D.R. Horton Inc,Active,Single-Family Detached,Summerdale,Baldwin,AL,30.436369,-87.789628,SM-04,South Baldwin,589,589,10.0,0.0
C8381069-E425-442E-960C-47835FFDFA33,Watersound/Longleaf Park,Huff Homes,Active,Single-Family Detached,Inlet Beach,Walton,FL,30.304998,-86.020306,SM-22,Walton and Bay Beaches,172,78,26.0,24.0
B75B9B6E-B0AF-4CD3-9A5C-334B0623AA05,Iron Horse ,D.R. Horton Inc,Active,Single-Family Detached,Foley,Baldwin,AL,30.436321,-87.712169,SM-04,South Baldwin,284,284,0.0,0.0
8EE306DE-C81B-42BA-A8B7-AFD51E6B9174,Heritage Plantation ,Cadenhead & Davis Construction | D.R. Horton Inc | Halifax Homes | Phillips Homes,Active,Single-Family Detached,Laurel Hill,Okaloosa,FL,30.868452,-86.528066,SM-16,Laurel Hill,289,47,21.0,32.0
7D11E948-B45E-46CB-B994-DC6A70E3660C,Bluffs at Lafayette,Adams Homes | D.R. Horton Inc | DSLD Homes,Active,Single-Family Detached,Freeport,Walton,FL,30.53381,-86.102218,SM-20,Freeport,1114,901,50.0,79.0
BF9923E0-650F-4185-98B7-AC995F8FB147,Buffer Farms,D.R. Horton Inc,Active,Single-Family Detached,Port Saint Joe,Gulf,FL,29.753292,-85.287855,SM-31,Gulf County,26,20,14.0,6.0
48B20B19-BDCF-4F04-BDB0-AC7D9A28F415,Briar Rose,Adams Homes,Active,Single-Family Detached,Bay Minette,Baldwin,AL,30.893432,-87.765876,SM-05,North Baldwin,26,26,5.0,0.0
A8C3D784-F3BB-4651-8369-113D049311C3,Mitchells Commercial Plaza,Mitchell Custom Homes LLC,Active,Single-Family Detached,Summerdale,Baldwin,AL,30.487652,-87.710272,SM-12,Central Baldwin,20,20,0.0,0.0
C2C580E5-9DCB-44F3-A9D0-CED1B39B7A07,Avery Cove,Lennar,Active,Single-Family Detached,Robertsdale,Baldwin,AL,30.530624,-87.67926,SM-12,Central Baldwin,121,121,0.0,0.0
836789E8-5A9C-4B35-86B6-85763F25B031,Watersound/Ward Creek/Salt Grass,Fischer Homes | Kolter Homes,Active,Single-Family Detached,Panama City Beach,Bay,FL,30.255889,-85.877167,SM-22,Walton and Bay Beaches,230,208,34.0,21.0
A5994134-068C-498F-9785-C6F23F42DA38,Country Club Estates,Adams Homes | Benchmark Homes Group,Active,Single-Family Detached,Theodore,Mobile,AL,30.532506,-88.159847,SM-01,South Mobile,36,3,3.0,8.0
984111CF-5B1F-48BB-A123-B73D4CF78726,Crossings at Freeport,Lennar Homes,Active,Single-Family Detached,Freeport,Walton,FL,30.481669,-86.188912,SM-20,Freeport,127,127,0.0,0.0
483E8BBE-30C7-4F9A-8780-F0EC6E80164E,Nichols Creek,Thomas Home Corporation,Active,Single-Family Detached,Milton,Santa Rosa,FL,30.609678,-86.89159,SM-14,Santa Rosa County,247,247,0.0,0.0
98364EB9-44B5-416D-8E5E-DD00F32ADC54,Pearl Place,Traton Homes,Active,Single-Family Detached,Santa Rosa Beach,Walton,FL,30.352123,-86.225083,SM-22,Walton and Bay Beaches,10,10,0.0,0.0
70589804-396D-4AB5-8B9C-D58752252D0C,Soundside Hollow,Abbott Martin Group,Active,Single-Family Detached,Navarre,Santa Rosa,FL,30.408623,-86.817892,SM-21,Eglin AFB,17,9,1.0,1.0
28EC96CD-4C63-454C-857C-DADC3296A034,East Bay ,Adams Homes | Samuel Taylor Homes,Active,Single-Family Detached,Panama City,Bay,FL,30.130085,-85.507123,SM-29,Bay County Submarket 2,146,52,20.0,24.0
811039C2-0821-4CE8-9F58-805A28C0B84F,Forest Glen,Benchmark Homes Group,Active,Single-Family Detached,Mobile,Mobile,AL,30.715093,-88.147581,SM-02,Central Mobile,73,21,5.0,3.0
EE4D0E9F-21C1-49BE-AC97-E106A91095B4,Laguna Haven,Laguna Haven Construction LLC,Active,Single-Family Detached,Panama City Beach,Bay,FL,30.244406,-85.914123,SM-22,Walton and Bay Beaches,39,8,5.0,2.0
F4EE760E-E941-4658-97F3-202019B7AB7D,Meadow Creek,Century Communities,Active,Single-Family Detached,Crestview,Okaloosa,FL,30.807871,-86.496679,SM-17,Crestview,13,6,8.0,7.0
F2F94228-6C1E-4C7F-B4A6-050B74081570,Bayou Ridge,Lennar Homes,Active,Single-Family Detached,Foley,Baldwin,AL,30.333529,-87.69382,SM-04,South Baldwin,50,29,49.0,21.0
BE54774F-AFF5-41F9-B605-C9B7D16E1331,Watson Bayou,,Active,Single-Family Detached,Panama City,Bay,FL,30.154426,-85.635778,SM-28,Panama City,14,14,0.0,0.0
8D96E4F1-EF50-462F-AA5A-8F3DAD8781D4,Houston Place,DSLD Homes,Active,Single-Family Detached,Crestview,Okaloosa,FL,30.801479,-86.55032,SM-17,Crestview,72,70,16.0,2.0
5379A063-E356-4F05-AD29-CF1A879091A5,Jubilee (Gulf),Jubilee Builders,Active,Single-Family Detached,Port Saint Joe,Gulf,FL,29.918226,-85.37472,SM-31,Gulf County,16,16,0.0,0.0
600C8B40-650C-4BBE-9255-7EC03823200C,Windmark Beach/Village Center East,D.R. Horton Inc,Active,Single-Family Detached,Port Saint Joe,Gulf,FL,29.862365,-85.338187,SM-31,Gulf County,56,3,1.0,0.0
58D7419F-895D-4BA7-864A-C2EA56330400,"Knoll, The",DSLD Homes,Active,Single-Family Detached,Foley,Baldwin,AL,30.341964,-87.718029,SM-04,South Baldwin,96,90,23.0,6.0
0134916D-A628-422C-BD43-483747183D47,Foley Pointe,Maronda Homes,Active,Single-Family Detached,Foley,Baldwin,AL,30.373521,-87.716631,SM-04,South Baldwin,217,216,14.0,1.0
889114A5-CD53-403F-BBBF-A80919115CC2,Fox Hollow,D.R. Horton Inc,Built Out,Single-Family Detached,Fairhope,Baldwin,AL,30.519173,-87.86389,SM-06,West Baldwin,142,0,3.0,9.0
F4DF4CA3-DB73-4DEF-880B-D2A28A48064A,Caballeros Estates at Hombre/SF,D.R. Horton Inc,Active,Single-Family Detached,Panama City Beach,Bay,FL,30.188981,-85.802921,SM-22,Walton and Bay Beaches,116,67,38.0,29.0
85C6ABB6-021A-4EE9-A642-B1D47E439F67,Stadium Way,D.R. Horton Inc,Active,Single-Family Detached,Pensacola,Escambia,FL,30.407941,-87.233019,SM-07,Pensacola,33,24,13.0,8.0
0BF9DC4E-4BDD-44CE-97A8-4499E1C17EBB,Pines at Colleton Place,D.R. Horton Inc,Active,Single-Family Detached,Semmes,Mobile,AL,30.715513,-88.234463,SM-02,Central Mobile,171,163,18.0,8.0
9D116A1D-D74C-46EA-8D2E-C9DCAEC83F5F,Jambalaya Farms,Meritage Homes,Active,Single-Family Detached,Foley,Baldwin,AL,30.462096,-87.683296,SM-12,Central Baldwin,77,77,0.0,0.0
EB317A83-DE61-4F75-B206-A557366BFBF3,Adeline Estates,D.R. Horton Inc,Active,Single-Family Detached,Silverhill,Baldwin,AL,30.54417,-87.778474,SM-12,Central Baldwin,21,6,7.0,13.0
9B8527F8-564F-4F6B-9B5D-F982413710E6,Roberts Rd Estates,,Active,Single-Family Detached,Chunchula,Mobile,AL,30.926141,-88.175393,SM-02,Central Mobile,13,13,0.0,0.0
A1B30ADF-BCA2-4F7F-B8FB-7910C330EE65,Southern Day Chateau,CJL Homes,Active,Single-Family Detached,Baker,Okaloosa,FL,30.769866,-86.681533,SM-15,Okaloosa County,18,2,18.0,16.0
B71C59A7-7303-45E2-8E22-128E6083FD6F,Eagle Pointe,DSLD Homes,Active,Single-Family Detached,Pensacola,Escambia,FL,30.513425,-87.33052,SM-11,Cantonment,145,123,17.0,22.0
5A16F401-1C1E-4363-88EC-BE916B44A684,Cross Creek Estates,Century Communities | Halifax Homes | Lennar Homes,Active,Single-Family Detached,Freeport,Walton,FL,30.525497,-86.133471,SM-20,Freeport,199,50,30.0,13.0
AB23E806-9C1C-469F-B599-591DD3B06EF2,East Bay Park ,Porch Swing Homes,Active,Single-Family Detached,Panama City,Bay,FL,30.12423,-85.575727,SM-28,Panama City,11,7,5.0,4.0
07A735C3-1E92-4EBE-863A-BA3C605009E1,Ridge at Robertsdale,DSLD Homes,Active,Single-Family Detached,Robertsdale,Baldwin,AL,30.531847,-87.716195,SM-12,Central Baldwin,97,66,27.0,31.0
05F2EA92-DFA9-4A21-B146-056E71DBAC71,Independence/SF,D.R. Horton Inc,Active,Single-Family Detached,Daphne,Baldwin,AL,30.693421,-87.80582,SM-12,Central Baldwin,158,57,55.0,50.0
F449BFAA-C927-447B-8421-007B614C9B7C,"Sandbar, The",Fischer Homes,Active,Single-Family Detached,Santa Rosa Beach,Walton,FL,30.3728,-86.246844,SM-22,Walton and Bay Beaches,10,10,0.0,0.0
DF8BD42C-17CF-4372-A232-40AF154C02E3,Parkbrook,Adams Homes,Active,Single-Family Detached,Panama City,Bay,FL,30.240537,-85.525917,SM-29,Bay County Submarket 2,201,189,33.0,12.0
5BCEACE6-4D2B-48D5-8993-590F821022E5,Breezy Meadows,Herbst Homes ,Built Out,Single-Family Detached,Milton,Santa Rosa,FL,30.590091,-86.964257,SM-10,Milton,20,0,0.0,4.0
4A98620F-866E-4687-B946-3E9360CF0149,Grande Oaks (Walton),CJL Homes,Active,Single-Family Detached,Freeport,Walton,FL,30.496365,-86.151716,SM-20,Freeport,36,9,0.0,4.0
4E8D802A-CA05-4804-9010-7BB168074425,Battles Trace at The Colony,Stuart Construction,Active,Single-Family Detached,Fairhope,Baldwin,AL,30.493988,-87.907154,SM-06,West Baldwin,285,117,9.0,12.0
7F312BBA-5F37-43D1-A9CD-A60AB9796A47,Eden Lake ,DSLD Homes,Active,Single-Family Detached,Crestview,Okaloosa,FL,30.759405,-86.557016,SM-17,Crestview,181,181,0.0,0.0
15EADEAB-1F93-407A-821F-57FE985475ED,Pipers Landing,Lennar Homes,Active,Single-Family Detached,Pensacola,Escambia,FL,30.509231,-87.313935,SM-11,Cantonment,64,64,1.0,0.0
FF42ECFF-FFA8-446C-A137-583B871E4139,Meadows at Magnolia Plantation,Randy Wise Homes,Active,Single-Family Detached,Niceville,Okaloosa,FL,30.489877,-86.433916,SM-18,Fort Walton,15,15,1.0,0.0
81B8C9B2-B9A3-4355-B404-BBA641374B17,Patch Place,Tower Homes,Active,Single-Family Detached,Daphne,Baldwin,AL,30.625504,-87.864521,SM-06,West Baldwin,64,58,12.0,6.0
BCE2529B-C793-4FD7-A323-BCB7C40F8A29,Falling Leaf,D.R. Horton Inc,Built Out,Single-Family Detached,Mobile,Mobile,AL,30.622514,-88.206891,SM-02,Central Mobile,36,0,0.0,1.0
CD0CE7BF-B1A9-4CD6-BC6D-98E4E0A2EE33,"Porches, The",D.R. Horton Inc,Built Out,Single-Family Detached,Elberta,Baldwin,AL,30.403787,-87.611474,SM-04,South Baldwin,122,0,0.0,1.0
81761D78-036C-436A-A687-B9DBB6351098,Pheasant Run,D.R. Horton Inc,Built Out,Single-Family Detached,Elberta,Baldwin,AL,30.406996,-87.613328,SM-04,South Baldwin,80,0,4.0,16.0
A4CDDB68-3AEF-46EA-AA1B-3A0C40E0B9FE,Greenbrier,Lennar Homes,Active,Single-Family Detached,Foley,Baldwin,AL,30.363096,-87.694349,SM-04,South Baldwin,102,14,41.0,46.0
21498E86-4277-4FCA-8FD4-D92F801E3E6E,Jubilee/Mahogany,Holiday Builders ,Active,Single-Family Detached,Milton,Santa Rosa,FL,30.690302,-87.174682,SM-08,Pace,260,260,3.0,0.0
A572F69F-2764-4CA0-A4E3-2866D5D283CB,Gaylen Oaks,D.R. Horton Inc,Active,Single-Family Detached,Pensacola,Escambia,FL,30.539835,-87.266668,SM-11,Cantonment,20,14,20.0,6.0
3509AACA-6245-4057-A4D5-C701B66D278E,Green Fields,Lennar Homes,Active,Single-Family Detached,Fairhope,Baldwin,AL,30.480293,-87.868692,SM-06,West Baldwin,80,80,0.0,0.0
1B02545F-1ACF-42B9-AB8B-950B158FA1FB,Vickers Estates,Adams Homes,Active,Single-Family Detached,Semmes,Mobile,AL,30.796754,-88.267658,SM-02,Central Mobile,40,23,9.0,13.0
8347A5AC-FEE5-4559-B10D-2A04F285A1E0,East Bay Plantation,,Active,Single-Family Detached,Panama City,Bay,FL,30.097628,-85.507065,SM-22,Walton and Bay Beaches,358,358,0.0,0.0
C37DEAEF-10CB-4AE3-AC20-F46662C345A1,Wildwood Estates/Reserve at Brookhaven,D.R. Horton Inc,Active,Single-Family Detached,Cantonment,Escambia,FL,30.55262,-87.348454,SM-11,Cantonment,339,233,72.0,101.0
813854DE-1ED1-4529-8EB7-91AAF8E56E7A,Sherwood Grove,D.R. Horton Inc,Active,Single-Family Detached,Fairhope,Baldwin,AL,30.436434,-87.836514,SM-06,West Baldwin,166,166,0.0,0.0
DC741C45-371D-432E-BE9D-1184DAEE7AC4,Amberley,Adams Homes,Active,Single-Family Detached,Robertsdale,Baldwin,AL,30.537148,-87.691248,SM-12,Central Baldwin,271,271,4.0,0.0
19388E19-7EB4-4FC4-9621-6F1144C94BED,Pecan Valley,Adams Homes,Active,Single-Family Detached,Cantonment,Escambia,FL,30.639568,-87.320627,SM-11,Cantonment,103,51,24.0,31.0
225BB100-2403-4F8A-9765-06370D2C3A21,Edens Landing/Oak Grove,2 Bros Development,Active,Single-Family Detached,Santa Rosa Beach,Walton,FL,30.368341,-86.121085,SM-22,Walton and Bay Beaches,32,28,2.0,3.0
348C5ECF-6948-472A-B15C-0D5B71E0CEC1,Windy Hill South,D.R. Horton Inc,Built Out,Single-Family Detached,Pensacola,Escambia,FL,30.548544,-87.402001,SM-11,Cantonment,10,0,0.0,10.0
366FC0D7-351E-4E89-AE4E-6C6A3EDD4CBB,OFallon,Adams Homes | D.R. Horton Inc,Built Out,Single-Family Detached,Mobile,Mobile,AL,30.631023,-88.262391,SM-02,Central Mobile,49,0,0.0,8.0
7DA83316-3A92-48AB-80A6-E9186CB551CB,Eastgate Bend,DSLD Homes,Active,Single-Family Detached,Foley,Baldwin,AL,30.413999,-87.653814,SM-04,South Baldwin,102,94,22.0,8.0
B0A6AB9B-1F66-4368-A2A0-5E0FAC0A24F4,Stonebridge/Biltmore ,D.R. Horton Inc,Active,Single-Family Detached,Daphne,Baldwin,AL,30.674597,-87.795047,SM-12,Central Baldwin,252,163,14.0,9.0
95E69744-F29C-453B-9E3E-FAA8CE178AE2,Diamante,D.R. Horton Inc,Active,Single-Family Detached,Daphne,Baldwin,AL,30.630235,-87.867807,SM-06,West Baldwin,150,3,0.0,0.0
AD38CE76-3B69-4822-851B-3A0E38D92B44,Eagles Landing of Niceville,Huff Homes,Active,Single-Family Detached,Niceville,Okaloosa,FL,30.519377,-86.470375,SM-18,Fort Walton,35,4,6.0,13.0
CF743763-835B-400F-9B32-B0B4DA8ED211,White Oak Estates,Lennar Homes,Active,Single-Family Detached,Laurel Hill,Okaloosa,FL,30.961009,-86.468343,SM-16,Laurel Hill,109,98,0.0,11.0
1DAD59F1-A3C7-4293-B156-895A61D1883B,Silver Springs,DSLD Homes,Active,Single-Family Detached,Silverhill,Baldwin,AL,30.551445,-87.767904,SM-12,Central Baldwin,199,199,14.0,0.0
3347191C-B262-489E-85C8-B7ABF5B832F3,Las Colinas,Holiday Builders ,Active,Single-Family Detached,Milton,Santa Rosa,FL,30.632796,-87.063412,SM-10,Milton,12,9,7.0,3.0
56175094-251B-4440-812B-6DC27EAE40CB,Game Farm,Ben Wortman Construction | Phillips Homes | Southern Coastal Homes,Active,Single-Family Detached,Panama City,Bay,FL,30.199565,-85.599746,SM-28,Panama City,125,101,5.0,15.0
9FCDAA9A-3B27-4338-9902-6C4E0C48F5EC,Pond Creek Landing,,Active,Single-Family Detached,Milton,Santa Rosa,FL,30.682676,-87.134432,SM-08,Pace,22,22,0.0,0.0
888350DC-871F-49CF-8FB0-C08ADD05340A,Lantern Ridge,Linc Grant Construction,Active,Single-Family Detached,Crestview,Okaloosa,FL,30.764625,-86.548112,SM-17,Crestview,23,23,0.0,0.0
A4BF23AA-35F1-4EB6-97BE-A413A714A5C6,Oak Shores,Spring River Custom Homes,Active,Single-Family Detached,Orange Beach,Baldwin,AL,30.298888,-87.537712,SM-04,South Baldwin,75,75,0.0,0.0
38460229-F9B9-4773-B462-E364B4649D04,Hawthorn,Lennar Homes,Active,Single-Family Detached,Foley,Baldwin,AL,30.352337,-87.75586,SM-04,South Baldwin,12,1,12.0,11.0
2E03E14E-1225-48CB-B7AA-60AF6B2A0AF9,Mer Sea on Navarre Beach,,Active,Single-Family Detached,Navarre,Santa Rosa,FL,30.374567,-86.913382,SM-09,Pensacola Beaches,47,47,0.0,0.0
A8095E47-6CE7-4D34-9188-9078779A4928,Eventide Estates,Sunchase Construction,Active,Single-Family Detached,Milton,Santa Rosa,FL,30.511966,-87.09252,SM-08,Pace,21,5,0.0,1.0
44B891D1-A667-432E-BB01-207D9A2E6F44,Buckhaven,Adams Homes,Active,Single-Family Detached,Baker,Okaloosa,FL,30.774778,-86.640145,SM-15,Okaloosa County,132,132,0.0,0.0
FA6173F4-E2DD-4136-8DE2-CCAE44EFF079,Heritage Lake,D.R. Horton Inc,Active,Single-Family Detached,Mobile,Mobile,AL,30.672828,-88.290467,SM-02,Central Mobile,371,244,35.0,49.0
1104ADA4-CB7D-4F17-8DEA-61CD3DB8FF78,Watersound/Greenway,Arkon Group | Cole Construction & Development | Dune Construction and Development | Huff Homes | Key Lime Construction | Romair Homes,Active,Single-Family Detached,Inlet Beach,Walton,FL,30.294952,-86.013593,SM-22,Walton and Bay Beaches,62,4,1.0,6.0
BFCA1470-95E0-4398-AC3D-351927590E7A,McCarthy Estates,CJL Homes,Active,Single-Family Detached,Defuniak Springs,Walton,FL,30.744763,-86.132638,SM-19,Defuniak Springs,29,29,0.0,0.0
1304B2D7-00C4-4D51-AAD9-5B2F8F766238,French Settlement,D.R. Horton Inc,Active,Single-Family Detached,Daphne,Baldwin,AL,30.622568,-87.873158,SM-06,West Baldwin,236,1,0.0,1.0
54FC3228-0C0A-4C21-918A-6E3E7935812B,Hammock Bay/Symphony ,Adams Homes | Coastal Builders of NW FL Inc | D.R. Horton Inc | DSLD Homes | Holiday Builders  | Remyford Construction | Simmons Home Builders of NW Florida | Traton Homes,Active,Single-Family Detached,Freeport,Walton,FL,30.489847,-86.161757,SM-20,Freeport,201,17,1.0,2.0
0EC567E7-532A-4DA0-B5AF-A39263C36ADC,Sandy Creek (Mobile),Cretin Townsend Homes | D.R. Horton Inc,Active,Single-Family Detached,Mobile,Mobile,AL,30.607987,-88.349575,SM-02,Central Mobile,57,56,3.0,1.0
E6AA8A03-5660-43DB-81DB-6883D27D48A0,Chateau Nemours/SF,D.R. Horton Inc,Active,Single-Family Detached,Port Saint Joe,Gulf,FL,29.77634,-85.27461,SM-31,Gulf County,68,68,11.0,0.0
72615CC7-4D49-4C4C-8779-4FC2F3DB80F7,Clear Lake Estates,Century Communities,Active,Single-Family Detached,Youngstown,Bay,FL,30.311851,-85.512902,SM-28,Panama City,111,76,27.0,21.0
6FE94937-A984-49BB-9EE9-27F41249CBD9,Bridge Harbor Estuary,D.R. Horton Inc,Active,Single-Family Detached,Panama City,Bay,FL,30.125952,-85.571686,SM-28,Panama City,62,2,0.0,0.0
C3D5DCCB-25A6-4DBB-BB05-EAF83E1D1935,Twin Palms at Inlet Beach,Brock Built,Active,Single-Family Detached,Inlet Beach,Walton,FL,30.279021,-86.006491,SM-22,Walton and Bay Beaches,25,3,0.0,0.0
694D9418-C74F-438B-BDF9-09E5E45468D9,Hidden Lakes,D.R. Horton Inc,Active,Single-Family Detached,Crestview,Okaloosa,FL,30.843605,-86.524509,SM-16,Laurel Hill,85,59,10.0,24.0
B7A2208E-95EB-474A-A0BE-3EFCFF37732F,Traditions/SF,Valor Communities,Active,Single-Family Detached,Gulf Shores,Baldwin,AL,30.315226,-87.686405,SM-04,South Baldwin,117,103,21.0,14.0
AA4E086D-FE45-4AB5-B08C-FB058D94A875,Wildwood Estates/Brookhaven,Adams Homes | D.R. Horton Inc | Holiday Builders ,Built Out,Single-Family Detached,Cantonment,Escambia,FL,30.550485,-87.352023,SM-11,Cantonment,160,0,0.0,1.0
C9AFF957-9880-47BE-9DA1-0CC26072C10E,Pine Creek,D.R. Horton Inc,Built Out,Single-Family Detached,Port Saint Joe,Gulf,FL,29.772702,-85.285529,SM-31,Gulf County,5,0,1.0,4.0
BB47318C-1595-4413-8585-A173930B7777,Sandy Oaks,Meritage Homes,Active,Single-Family Detached,Elberta,Baldwin,AL,30.410828,-87.616813,SM-04,South Baldwin,244,201,26.0,34.0
6EDBA7B9-0787-45AC-9178-AEB456A1310B,Avalon Beach,Flynn Building Specialists | R&K Construction,Active,Single-Family Detached,Milton,Santa Rosa,FL,30.544206,-87.110053,SM-08,Pace,48,12,0.0,2.0
DD3B0B00-46C4-463C-AE08-A2D31CEA8923,Summer Oaks,Adams Homes,Active,Single-Family Detached,Daphne,Baldwin,AL,30.627279,-87.904634,SM-06,West Baldwin,13,10,12.0,3.0
5F1EA6A9-F98D-480B-90E0-E3716B304F84,Longleaf,,Active,Single-Family Detached,Bay Minette,Baldwin,AL,30.782156,-87.877629,SM-12,Central Baldwin,1100,1100,0.0,0.0
6921D6AC-F279-4876-A9A1-4D13BD142FF8,Inlet Cove,Coastal Custom Homebuilding,Active,Single-Family Detached,Inlet Beach,Walton,FL,30.278076,-86.002295,SM-22,Walton and Bay Beaches,12,12,0.0,0.0
158B8E70-8537-4427-A6E3-AA3C25CE5ACF,Jubilee Farms (Baldwin),D.R. Horton Inc,Active,Single-Family Detached,Daphne,Baldwin,AL,30.582495,-87.850574,SM-06,West Baldwin,904,42,26.0,30.0
94BFEB43-F899-4CDB-90AD-EBC1187B2801,Johnson Westlake,D.R. Horton Inc,Active,Single-Family Detached,Mobile,Mobile,AL,30.624959,-88.288459,SM-02,Central Mobile,225,225,0.0,0.0
AE80F69D-8947-428D-B626-03347B535BBE,Shell Landing,Century Communities,Built Out,Single-Family Detached,Jay,Santa Rosa,FL,30.772325,-87.127426,SM-14,Santa Rosa County,21,0,0.0,1.0
B6A1D5D9-2D4D-4064-8874-731FE50D54A5,Magnolia Bay Estates (Bay),RJ Investors LLC,Active,Single-Family Detached,Panama City,Bay,FL,30.158813,-85.731665,SM-22,Walton and Bay Beaches,20,20,16.0,0.0
1DC1E73C-73A5-4CE8-85B5-83CD6FD18283,Hope Vineyard,D.R. Horton Inc | Maronda Homes,Active,Single-Family Detached,Daphne,Baldwin,AL,30.572679,-87.867273,SM-06,West Baldwin,236,120,49.0,58.0
C039BB88-828F-40CD-8688-4D8474432EED,Dogwood Estates,D.R. Horton Inc,Active,Single-Family Detached,Summerdale,Baldwin,AL,30.501975,-87.663963,SM-12,Central Baldwin,152,105,21.0,25.0
273CBD74-1A1D-4405-BD77-4C9F40B8499C,Windswept Estates,D.R. Horton Inc | Holiday Builders ,Active,Single-Family Detached,Freeport,Walton,FL,30.495736,-86.040133,SM-23,Walton County,194,32,1.0,27.0
87151917-3753-4643-B76D-A6664CECD732,Owls Head/Nest,D.R. Horton Inc | Valor Communities,Active,Single-Family Detached,Defuniak Springs,Walton,FL,30.554473,-86.101935,SM-20,Freeport,89,89,2.0,0.0
6372FDD3-0762-44B0-9DA2-29E518BC607D,Longmire Estates,D.R. Horton Inc,Active,Single-Family Detached,Theodore,Mobile,AL,30.595927,-88.258023,SM-02,Central Mobile,12,12,3.0,0.0
5DE02B73-D19F-4F9B-91D1-FCCEBDCDF295,Alys Beach/BK FF,,Active,Single-Family Detached,Inlet Beach,Walton,FL,30.287611,-86.03283,SM-22,Walton and Bay Beaches,12,12,0.0,0.0
EFDE692C-D299-4B98-9F4A-9BCC919114C7,Old Battles Village ,D.R. Horton Inc,Active,Single-Family Detached,Fairhope,Baldwin,AL,30.496535,-87.891463,SM-06,West Baldwin,262,6,13.0,20.0
C10354FB-9964-4907-8161-B81351F3A216,Lake Merial/SF,Adams Homes | D.R. Horton Inc | Holiday Builders ,Active,Single-Family Detached,Panama City,Bay,FL,30.381715,-85.681315,SM-28,Panama City,254,101,18.0,8.0
D5D44488-8B04-4961-BBE0-402882D225FF,Bright Meadows,Flynn Building Specialists,Active,Single-Family Detached,Milton,Santa Rosa,FL,30.673183,-87.10361,SM-08,Pace,40,1,9.0,16.0
725F86FE-665C-4B8B-937A-D04479840100,Savannah Estates,DSLD Homes,Active,Single-Family Detached,Daphne,Baldwin,AL,30.610507,-87.834995,SM-06,West Baldwin,229,191,57.0,38.0
3388BF85-5B05-4CE6-8FAC-B3F991942C3D,Emmaline Gardens ,Adams Homes,Active,Single-Family Detached,Milton,Santa Rosa,FL,30.660661,-87.105699,SM-08,Pace,97,3,18.0,49.0
427242CE-F9AB-4282-BE26-31764EA2AF5C,Safari Farms,,Active,Single-Family Detached,Summerdale,Baldwin,AL,30.492488,-87.703862,SM-12,Central Baldwin,60,60,0.0,0.0
499F34D6-EBF6-456E-A41E-E0AA3C3CEF27,Owls Head Farms/SF,D.R. Horton Inc,Active,Single-Family Detached,Freeport,Walton,FL,30.540815,-86.111462,SM-20,Freeport,666,532,71.0,72.0
4C36CFD0-544B-4CD4-A317-B440E623B321,Sunset Villas ,Prominence Homes & Communities,Built Out,Single-Family Detached,Orange Beach,Baldwin,AL,30.29313,-87.590086,SM-04,South Baldwin,41,0,0.0,0.0
05057E0A-0EA8-4795-8500-B6D8848C604B,Wellborn Lake Estates,D.R. Horton Inc,Active,Single-Family Detached,Foley,Baldwin,AL,30.352945,-87.731598,SM-04,South Baldwin,57,5,0.0,0.0
F768CCC4-B88B-4E94-9D24-877D0137F3BA,Cottages of Aventura,Lennar Homes,Active,Single-Family Detached,Loxley,Baldwin,AL,30.583454,-87.735665,SM-12,Central Baldwin,141,1,7.0,32.0
CBFEECED-AFD3-4BB4-98C7-3F225F61C5F1,Southern Belle,Jacob Locke Construction Inc,Active,Single-Family Detached,Crestview,Okaloosa,FL,30.808556,-86.476663,SM-17,Crestview,28,15,4.0,7.0
E8C058C7-521E-4D6D-B0B2-5A09AAD1D229,Sunny Hills/Unit 23,,Active,Single-Family Detached,Chipley,Washington,FL,30.580678,-85.546411,SM-25,Washington County,98,98,0.0,0.0
27513DF9-9B1B-4053-B239-DBA54D12C6E6,Graystone Estates,D.R. Horton Inc | Holiday Builders ,Built Out,Single-Family Detached,Cantonment,Escambia,FL,30.599599,-87.342288,SM-11,Cantonment,143,0,0.0,1.0
F036B211-605A-453C-A9F9-CF5B80FD0579,Serenity at Dune Allen/Reserves,"Trotter's General Contractors, Inc. ",Active,Single-Family Detached,Santa Rosa Beach,Walton,FL,30.358769,-86.253904,SM-22,Walton and Bay Beaches,15,15,1.0,0.0
22BF5D8F-D4CA-46E2-B4DD-7AC600445170,Spanish Cove,D.R. Horton Inc,Built Out,Single-Family Detached,Lillian,Baldwin,AL,30.401449,-87.454699,SM-04,South Baldwin,123,0,0.0,0.0
8F0DC458-C3DB-40DB-9A80-ABB5F8A164AE,Pine Blossom ,,Active,Single-Family Detached,Milton,Santa Rosa,FL,30.678929,-87.079094,SM-10,Milton,11,11,0.0,0.0
94DB171E-E54D-40D3-AC79-E34CE6AA9094,Sanctuary Beach (Bay),D.R. Horton Inc | Nadeau Construction,Active,Single-Family Detached,Panama City,Bay,FL,30.142211,-85.716495,SM-22,Walton and Bay Beaches,71,31,0.0,2.0
67D47B26-D8D2-48DC-839B-B31C7F00AEB3,BelMar,Cobalt Builders,Active,Single-Family Detached,Panama City,Bay,FL,30.174993,-85.790438,SM-22,Walton and Bay Beaches,22,18,0.0,1.0
9BE0E98B-DADD-4F73-9530-4E63BB3C5948,Arbor Walk/Southwood,Lennar Homes,Active,Single-Family Detached,Foley,Baldwin,AL,30.357679,-87.706724,SM-04,South Baldwin,236,215,39.0,21.0
DBD6930E-F947-4002-B2EF-B737CA2CC05B,Bream Pond,Southern Coastal Homes,Active,Single-Family Detached,Panama City,Bay,FL,30.420721,-85.672708,SM-28,Panama City,34,19,1.0,1.0
DDDA788B-3A54-4CCF-BA77-3D09FF1155DC,Hadley Village,D.R. Horton Inc,Active,Single-Family Detached,Foley,Baldwin,AL,30.441911,-87.680878,SM-12,Central Baldwin,83,36,32.0,31.0
FC30B32F-FBA1-44FC-AC3C-7C0568BCDBC2,Dees Plantation,D.R. Horton Inc,Active,Single-Family Detached,Grand Bay,Mobile,AL,30.568476,-88.339434,SM-02,Central Mobile,55,1,0.0,11.0
E4101528-BB01-42B0-BB7A-845BB74F0277,Watersound/Powell Landing West,Arkon Group | Discovered Coast Homes LLC | Huff Homes | Key Lime Construction | Romair Homes,Active,Single-Family Detached,Panama City Beach,Walton,FL,30.289434,-86.001493,SM-22,Walton and Bay Beaches,88,62,18.0,11.0
A095CA2B-3426-48E1-B13B-9F1028B90100,Young Oaks,DSLD Homes,Active,Single-Family Detached,Crestview,Okaloosa,FL,30.801043,-86.567232,SM-17,Crestview,34,9,10.0,18.0
783DB23F-3362-4221-91F4-F90A0E8C220E,Hill Top,Achee Builders Inc | Frostholm Construction | Omega Design Group | Tom Beirster Fine Homebuilding,Active,Single-Family Detached,Fairhope,Baldwin,AL,30.49923,-87.904912,SM-06,West Baldwin,38,17,2.0,0.0
A34FF58C-C44B-4061-8DFE-61E3BDEEEB09,Bienville Landing ,D.R. Horton Inc,Active,Single-Family Detached,Foley,Baldwin,AL,30.333853,-87.736559,SM-04,South Baldwin,138,117,30.0,21.0
DFBEE1B4-542F-414E-AD54-27256C3992F0,Addies Place ,Randy Wise Homes,Active,Single-Family Detached,Niceville,Okaloosa,FL,30.48278,-86.43319,SM-18,Fort Walton,40,10,7.0,7.0
13F6BC6D-3666-46A3-B294-245FAFC4ADD5,Westpointe Place,Adams Homes,Active,Single-Family Detached,Pensacola,Escambia,FL,30.405132,-87.317603,SM-07,Pensacola,46,10,18.0,21.0
5D25E177-0580-4A1B-B264-B3A3C0DECDAA,Madelyn Woods,FD Builds | Randall Builders Group LLC,Active,Single-Family Detached,Pensacola,Escambia,FL,30.388668,-87.361652,SM-07,Pensacola,22,5,8.0,10.0
2E96DBDB-ACCB-43D7-B6E0-E680C1D50ABB,Fairhope Falls,Century Communities | D.R. Horton Inc,Active,Single-Family Detached,Fairhope,Baldwin,AL,30.540452,-87.801437,SM-06,West Baldwin,527,117,35.0,49.0
B53C6FD3-2CC8-4C3F-983A-ED525062DC7E,Royal Estates,D.R. Horton Inc,Built Out,Single-Family Detached,Crestview,Okaloosa,FL,30.744657,-86.532353,SM-17,Crestview,66,0,0.0,5.0
D16591A1-1AAB-4F8B-9586-3A5BFE3FFE05,Carrington,Lennar Homes | Thomas Home Corporation,Active,Single-Family Detached,Cantonment,Escambia,FL,30.651307,-87.339966,SM-11,Cantonment,337,227,3.0,4.0
EF7D0CCF-9171-469E-AB99-37363AF52B2D,Breakfast Point,Samuel Taylor Homes | Southern Coastal Homes,Built Out,Single-Family Detached,Panama City Beach,Bay,FL,30.198493,-85.804753,SM-22,Walton and Bay Beaches,314,0,0.0,0.0
FC960DEF-CBC3-4814-BB07-5272C58B4043,Woodlands/SF,D.R. Horton Inc | Henry Company Homes,Built Out,Single-Family Detached,Milton,Santa Rosa,FL,30.578345,-87.120188,SM-08,Pace,402,0,0.0,0.0
19CF2DE5-F302-46CA-AB81-23A524B58533,"Crossings, The",D.R. Horton Inc,Active,Single-Family Detached,Theodore,Mobile,AL,30.566466,-88.229107,SM-02,Central Mobile,13,4,9.0,9.0
DCCFE824-95AD-4377-9B7D-B78B67144AE3,Heathers Place ,Henry Company Homes,Active,Single-Family Detached,Gulf Breeze,Santa Rosa,FL,30.419419,-86.957926,SM-09,Pensacola Beaches,520,446,9.0,23.0
EE8E84F4-D45F-4D61-8A05-5B3EA8870069,Carillon Beach ,STT Properties LLC,Active,Single-Family Detached,Panama City Beach,Bay,FL,30.26573,-85.983168,SM-22,Walton and Bay Beaches,13,9,3.0,2.0
186D3C84-995D-4497-80E7-35AB80943EF7,Hadleys Beach,Grayt-A Construction,Active,Single-Family Detached,Panama City,Bay,FL,30.148187,-85.763257,SM-22,Walton and Bay Beaches,26,20,3.0,6.0
B9E1002E-3DE3-44C9-B089-9B4DAC9F8EA9,Harvey Heights,Holiday Builders ,Active,Single-Family Detached,Panama City,Bay,FL,30.151009,-85.596373,SM-28,Panama City,18,17,6.0,1.0
9EDC7469-00D3-43F0-A46C-0D504B34FD97,Alys Beach/BK YY,Alys Beach Construction  | Arkon Group,Active,Single-Family Detached,Inlet Beach,Walton,FL,30.285435,-86.032423,SM-22,Walton and Bay Beaches,11,11,6.0,0.0
8D3941C3-C26E-4877-B5F0-06A6B6CA4E39,Parkside,D.R. Horton Inc,Active,Single-Family Detached,Santa Rosa Beach,Walton,FL,30.367292,-86.269341,SM-22,Walton and Bay Beaches,124,119,2.0,5.0
67943DBA-DF68-4020-B3DE-3668E8C69779,Martin Preserve,D.R. Horton Inc,Active,Single-Family Detached,Pensacola,Escambia,FL,30.376416,-87.348835,SM-07,Pensacola,46,4,28.0,42.0
2119C900-9697-46C6-9391-C3969FC1BB78,Doyle Hawkins Landing,Herbst Homes ,Active,Single-Family Detached,Navarre,Santa Rosa,FL,30.459882,-86.903743,SM-21,Eglin AFB,8,1,8.0,7.0
DE0D6CA0-B0AB-49D8-9BDB-3E55649C982B,Turtle Creek,Adams Homes,Active,Single-Family Detached,Cantonment,Escambia,FL,30.641497,-87.342887,SM-11,Cantonment,134,83,15.0,22.0
0F48F4B5-E85E-402D-ACF8-B6A451ACD36A,Brizo,Brock Built,Active,Single-Family Detached,Santa Rosa Beach,Walton,FL,30.391066,-86.270776,SM-22,Walton and Bay Beaches,18,10,6.0,8.0
158CF71D-3D86-49BA-B845-961AE0E78EA2,Sawmill Court,Century Communities | Halifax Homes,Built Out,Single-Family Detached,Defuniak Springs,Walton,FL,30.701473,-86.027656,SM-23,Walton County,83,0,0.0,0.0
10B87EA4-FE0D-415C-B346-4140798C29EB,Summer Salt,D.R. Horton Inc,Built Out,Single-Family Detached,Orange Beach,Baldwin,AL,30.267938,-87.612826,SM-04,South Baldwin,115,0,0.0,15.0
B74A699A-B33C-4DB0-83F7-DE385CD04F82,Bayou Pines,D.R. Horton Inc,Built Out,Single-Family Detached,Santa Rosa Beach,Walton,FL,30.392551,-86.300581,SM-22,Walton and Bay Beaches,5,0,0.0,0.0
91488F3C-099D-400C-A747-51F6077AEE45,Alys Beach/BK AC,Alys Beach Construction  | Arkon Group | Craft Custom Homes LLC | Davis Dunn Construction | Galvas Construction Inc | Gulfview Development & Construction LLC | Hufham/Farris Construction LLC | JC Craig LLC,Active,Single-Family Detached,Inlet Beach,Walton,FL,30.284576,-86.032819,SM-22,Walton and Bay Beaches,35,11,4.0,15.0
B79344B8-0CC3-49CF-8CF4-7D3D22EA3C9A,Turquoise,,Active,Single-Family Detached,Santa Rosa Beach,Walton,FL,30.356549,-86.236833,SM-22,Walton and Bay Beaches,66,66,0.0,0.0
8FED3A46-45D5-4A69-9F4C-BCB1E9D14D2E,Wildwood Estates/Iron Rock,Celebrity Home Builders | D.R. Horton Inc | DSLD Homes | KW Custom Homes | Signature Homes LLC,Active,Single-Family Detached,Cantonment,Escambia,FL,30.567947,-87.36688,SM-11,Cantonment,364,67,38.0,36.0
951C3A37-051B-495D-B25D-A4E40CB4542F,Sunny Hills/Unit 17,,Active,Single-Family Detached,Chipley,Washington,FL,30.553497,-85.585909,SM-25,Washington County,42,42,0.0,0.0
6F2E6441-3F4F-4A91-9BBC-D265FDF6EAC6,King's Landing,Traton Homes,Active,Single-Family Detached,Panama City,Bay,FL,30.197336,-85.69996,SM-28,Panama City,39,39,0.0,0.0
9443035A-634B-41C9-8A5A-34F4A0AC4C41,Oak Grove Estates,Adams Homes,Active,Single-Family Detached,Daphne,Baldwin,AL,30.627588,-87.881967,SM-06,West Baldwin,44,44,8.0,0.0
0DB70667-4226-4DB3-9428-F4FBF1851110,Destini Lane,D.R. Horton Inc,Active,Single-Family Detached,Panama City,Bay,FL,30.389461,-85.710561,SM-28,Panama City,11,11,0.0,0.0
D042BC84-9409-454B-894F-6FE5653D373C,Liberty,D.R. Horton Inc,Active,Single-Family Detached,Panama City,Bay,FL,30.231769,-85.550207,SM-28,Panama City,1900,1222,195.0,161.0
95151D61-9E85-4B5C-A514-B26D410A8D98,LaGrange Landing,CJL Homes | D.R. Horton Inc | Hazelstone Homes LLC | J Tucker Develoopment,Active,Single-Family Detached,Freeport,Walton,FL,30.488429,-86.126656,SM-20,Freeport,102,12,3.0,2.0
7F7236D7-2B3E-407D-B775-31528E44768E,Silvercrest,Adams Homes,Built Out,Single-Family Detached,Crestview,Okaloosa,FL,30.80797,-86.561573,SM-17,Crestview,86,0,0.0,8.0
B658DE65-9A5F-4E92-9409-CE812DAF2888,Cedar Park,Suzanne Vickers Construction Inc | Timmons Construction Inc,Active,Single-Family Detached,Panama City,Bay,FL,30.214255,-85.591791,SM-28,Panama City,100,4,0.0,0.0
A25146D9-32C0-4584-A5B8-EF5CE2415943,Wind Meadows,Whitworth Builders,Active,Single-Family Detached,Crestview,Okaloosa,FL,30.796288,-86.571072,SM-17,Crestview,61,13,1.0,2.0
AC09E3AF-F936-451F-9FD2-1E007DDFD14F,Magnolia Springs,Adams Homes | Breland Homes | D.R. Horton Inc,Built Out,Single-Family Detached,Semmes,Mobile,AL,30.734822,-88.239094,SM-02,Central Mobile,688,0,0.0,1.0
D0559018-053F-4D78-9E67-FC6E5D1906C7,Hawkins Manor,D.R. Horton Inc,Active,Single-Family Detached,Mobile,Mobile,AL,30.673238,-88.203818,SM-02,Central Mobile,74,36,24.0,27.0
A9F086F4-31B9-4C25-9A66-F429D5E53273,Autumn Fields,Lennar Homes,Active,Single-Family Detached,Summerdale,Baldwin,AL,30.458163,-87.684911,SM-12,Central Baldwin,56,42,33.0,14.0
114C88E9-C91C-48BB-8338-A02AD7B84ADE,Ledgestone,Classic Homes of Pensacola | D.R. Horton Inc,Active,Single-Family Detached,Pensacola,Escambia,FL,30.543773,-87.38084,SM-11,Cantonment,36,13,6.0,18.0
8161F009-69D1-4ACD-9C5B-03CD7EF4FD76,Sunny Hills/Unit 7,Solara Homes,Active,Single-Family Detached,Chipley,Washington,FL,30.593258,-85.552506,SM-25,Washington County,1324,1321,0.0,0.0
0DE2E8C5-6314-4B6F-918E-BEBFD7369372,Kiersten Heights,Century Communities,Built Out,Single-Family Detached,Chipley,Washington,FL,30.668946,-85.575741,SM-25,Washington County,16,0,1.0,10.0
F1E50D22-120B-433B-B1EF-DACF2A50231C,Magnolia Creeks,Lennar Homes,Future,Single-Family Detached,Crestview,Okaloosa,FL,30.728588,-86.555573,SM-17,Crestview,134,52,0.0,0.0
FF8C208A-1844-4D6C-8D57-51B7BB09613E,Sunny Hills/Unit 3,,Active,Single-Family Detached,Chipley,Washington,FL,30.524747,-85.627805,SM-25,Washington County,372,372,0.0,0.0
752713A1-58E5-4D1E-82A1-1372982659F8,Highland Pointe,Adams Homes,Active,Single-Family Detached,Mobile,Mobile,AL,30.659486,-88.300502,SM-02,Central Mobile,106,105,11.0,1.0
73A6E2A5-1930-4F3B-930F-E687880954B6,Garrison Ridge,JBL Homes | Tower Homes,Active,Single-Family Detached,Daphne,Baldwin,AL,30.674147,-87.905788,SM-12,Central Baldwin,87,15,1.0,2.0
188701FB-B805-4C99-80CD-76F7042E40DF,"Retreat, The",Lennar Homes,Active,Single-Family Detached,Summerdale,Baldwin,AL,30.472184,-87.706976,SM-12,Central Baldwin,176,176,0.0,0.0
2DF28486-9C6D-439B-9A8B-0704F84642FA,Casa Magnolia,,Active,Single-Family Detached,Miramar Beach,Walton,FL,30.376073,-86.344916,SM-22,Walton and Bay Beaches,34,34,0.0,0.0
207369AF-E5CC-4F1D-BDDD-63DB69DC71B4,South Bend Village,D.R. Horton Inc,Active,Single-Family Detached,Fairhope,Baldwin,AL,30.43356,-87.852041,SM-06,West Baldwin,278,278,4.0,0.0
DFA25EB2-AD9D-41A2-B0A7-8D6E18E95B42,Bella Terra/Grove,Lennar Homes,Active,Single-Family Detached,Cantonment,Escambia,FL,30.629199,-87.336205,SM-11,Cantonment,62,9,44.0,53.0
9A60EDF5-65CB-4B1A-B250-BE402847C7CB,Sunny Hills/Unit 1,"Artisan Construction CO Inc | Bella Home Builders | Century Communities | Debco Construction Company | Deltona Corporation | D.R. Horton Inc | Freeport Builders LLC | Gooden Homes | Homes by Ingram | J & S Builders LLC | Maronda Homes | McQuagge Development & Construction Inc | Mitchell Building Company, LLC | Solara Homes | Stone Wall Construction",Active,Single-Family Detached,Chipley,Washington,FL,30.549747,-85.621152,SM-25,Washington County,2349,2013,64.0,50.0
BAFBAA74-ECF0-4E86-9AA2-42492CD2E0FA,Heron Walk,D.R. Horton Inc,Built Out,Single-Family Detached,Port Saint Joe,Gulf,FL,29.779364,-85.282792,SM-31,Gulf County,15,0,2.0,7.0
10702358-4F95-4909-A26D-3D56B474B42C,Cottonwood Estates,D.R. Horton Inc,Active,Single-Family Detached,Fairhope,Baldwin,AL,30.459937,-87.820813,SM-06,West Baldwin,81,61,17.0,20.0
52C2A9D9-CEC9-4EAA-9C01-A5E66026F062,Hampton Chase,Adams Homes,Built Out,Single-Family Detached,Milton,Santa Rosa,FL,30.640092,-87.07755,SM-10,Milton,103,0,0.0,0.0
5A8E55D7-E2E3-4F71-ADB6-3800FEDDD9C9,Kaheeley Ridge,D.R. Horton Inc,Built Out,Single-Family Detached,Pensacola,Escambia,FL,30.554888,-87.379447,SM-11,Cantonment,110,0,0.0,6.0
676616E1-B390-459D-8195-9E9F0D286AFE,Watersound/Stillwater,Arkon Group | Cogent Building Group LLC | Cole Construction & Development | Dune Construction and Development | Huff Homes | Paradise Coastal Builders LLC | Romair Homes | Southern Blue Construction Inc | Swift Construction LLC | Turner Heritage Homes,Active,Single-Family Detached,Inlet Beach,Walton,FL,30.299621,-86.002713,SM-22,Walton and Bay Beaches,361,2,0.0,0.0
6516C178-D4CA-4153-8684-F409BC92C20D,Wynnfield ,,Active,Single-Family Detached,Mobile,Mobile,AL,30.624487,-88.217772,SM-02,Central Mobile,20,19,1.0,1.0
56D724A7-40C5-4263-80A5-5F0D4BD1614D,Oakmont Place,D.R. Horton Inc,Active,Single-Family Detached,Theodore,Mobile,AL,30.560881,-88.221644,SM-02,Central Mobile,95,36,31.0,27.0
BC38EA1D-8679-46BE-B5FF-26E64DA2CDBB,Grady Place,CJS Roth LLC | Meritage Homes | Mitchell Residential | Southwood Builders,Active,Single-Family Detached,Mobile,Mobile,AL,30.633244,-88.285326,SM-02,Central Mobile,78,57,7.0,0.0
E90B74C7-60D5-45CE-AA77-BD5F84EFEF33,Yellow River Plantation,Lennar Homes,Active,Single-Family Detached,Laurel Hill,Okaloosa,FL,30.837201,-86.557074,SM-16,Laurel Hill,205,180,47.0,25.0
277A5DD2-E77A-4979-A80F-E4BD6FF64DD0,Brentwood,DSLD Homes,Active,Single-Family Detached,Daphne,Baldwin,AL,30.675357,-87.813575,SM-12,Central Baldwin,109,31,27.0,37.0
F4CC7E6F-EF85-4F7A-B73F-840E29D77BC4,Lee Farm,Cassady Homes,Active,Single-Family Detached,Crestview,Okaloosa,FL,30.77201,-86.602834,SM-17,Crestview,99,2,0.0,0.0
A1078CCD-1EC6-4186-B7C3-EEC4C5003FA3,Ventura Manor,Holiday Builders ,Built Out,Single-Family Detached,Milton,Santa Rosa,FL,30.591474,-87.047311,SM-10,Milton,87,0,0.0,1.0
779C2665-4B03-4A93-B180-54494F29F3B5,Pamela Place,D.R. Horton Inc,Active,Single-Family Detached,Pensacola,Escambia,FL,30.507719,-87.358456,SM-11,Cantonment,20,20,0.0,0.0
4836B800-8A31-41F3-8E96-070A8E135FEB,Ashton View,Adams Homes,Active,Single-Family Detached,Crestview,Okaloosa,FL,30.815703,-86.495292,SM-17,Crestview,46,15,23.0,23.0
AA59C909-3E7C-4D4E-ACA6-71E9D51C54AF,Windmill Palms Estates,D.R. Horton Inc,Active,Single-Family Detached,Grand Bay,Mobile,AL,30.572212,-88.331604,SM-02,Central Mobile,20,15,8.0,5.0
78395BDD-8EDA-41FC-A41B-CC7FDF90A03D,Parkview,DSLD Homes,Active,Single-Family Detached,Silverhill,Baldwin,AL,30.5311,-87.761888,SM-12,Central Baldwin,134,76,39.0,35.0
8E2E4EA0-10D0-448F-96A7-BEAF3282337F,Sweetbay/Indigo Lakes,Harris Doyle Homes Inc - Clayton Properties Group Inc,Active,Single-Family Detached,Panama City,Bay,FL,30.206732,-85.687309,SM-28,Panama City,221,186,27.0,34.0
9DDC3538-0AE3-46D6-BEAC-A7BA369B362B,Watersound/Powell Landing East,Arkon Group | Boswell Builders & Sons | Cole Construction & Development | Key Lime Construction | Romair Homes,Active,Single-Family Detached,Panama City Beach,Walton,FL,30.289286,-85.997427,SM-22,Walton and Bay Beaches,125,84,23.0,30.0
3F58C7C7-4FBE-4BB6-9250-81226C610C35,Bluewater Creek Estates,J Miller Construction Inc,Active,Single-Family Detached,Molino,Escambia,FL,30.756287,-87.377354,SM-13,North Escambia,33,33,0.0,0.0
E1C8D836-5DE5-4AEF-AD4A-00A3A8CBB687,Charlie Day Estates,D.R. Horton Inc,Active,Single-Family Detached,Baker,Okaloosa,FL,30.769616,-86.682809,SM-15,Okaloosa County,34,5,15.0,25.0
4427E487-4F3A-4756-8162-C6AD3187FE82,Primland ,D.R. Horton Inc,Built Out,Single-Family Detached,Foley,Baldwin,AL,30.351319,-87.625864,SM-04,South Baldwin,286,0,0.0,0.0
567C1730-4929-4C96-84EF-5B752E916205,Alys Beach/BK KK,Arkon Group | Galvas Construction Inc | Gulfview Development & Construction LLC | Hufham/Farris Construction LLC,Active,Single-Family Detached,Inlet Beach,Walton,FL,30.283511,-86.030289,SM-22,Walton and Bay Beaches,12,12,4.0,0.0
0E0E2BE2-637B-4A53-B4EC-0CBFEB702245,Weatherby,D.R. Horton Inc,Active,Single-Family Detached,Saraland,Mobile,AL,30.82293,-88.095017,SM-03,North Mobile / Saraland,50,8,0.0,0.0
BED6DA92-74BF-4981-A5F9-F460B7F3AB92,Makaira Ridge (Santa Rosa),D.R. Horton Inc,Active,Single-Family Detached,Milton,Santa Rosa,FL,30.578667,-87.076909,SM-10,Milton,273,273,0.0,0.0
E97E2B64-F2E8-4C69-96E0-44B48131076A,Colonial East/SF,D.R. Horton Inc,Active,Single-Family Detached,Panama City Beach,Bay,FL,30.21342,-85.834139,SM-22,Walton and Bay Beaches,48,42,18.0,6.0
9EA726E2-738D-4DFF-96EF-677749CF57CB,Windmark Beach/North/SF,D.R. Horton Inc,Active,Single-Family Detached,Port Saint Joe,Gulf,FL,29.886491,-85.350874,SM-31,Gulf County,662,486,32.0,31.0
36265621-167E-47B9-970E-D2C0C33E5C0F,Lakeland,Lennar Homes,Active,Single-Family Detached,Loxley,Baldwin,AL,30.591917,-87.742734,SM-12,Central Baldwin,127,83,3.0,0.0
C06DB6BB-B009-4BCD-B26E-71F90B30E5C8,Patriot Ridge ,Cassady Homes | D.R. Horton Inc | DSLD Homes | Phillips Homes,Active,Single-Family Detached,Crestview,Okaloosa,FL,30.708382,-86.552832,SM-17,Crestview,648,224,75.0,85.0
811FB843-15CF-4A81-9EB3-44221C193A6D,Valor Ridge,D.R. Horton Inc,Active,Single-Family Detached,Mobile,Mobile,AL,30.600362,-88.22554,SM-02,Central Mobile,208,92,47.0,52.0
BA7B9D46-952A-4302-9CD7-1CA06C9B518D,Rosemary Sound,D.R. Horton Inc,Active,Single-Family Detached,Gulf Breeze,Santa Rosa,FL,30.400064,-86.96137,SM-09,Pensacola Beaches,254,254,0.0,0.0
970A5DA3-D424-4BD2-953F-823FF7BF3665,Nature Walk at Pond Creek,Owens Custom Homes,Active,Single-Family Detached,Jay,Santa Rosa,FL,30.777466,-87.175832,SM-14,Santa Rosa County,108,100,7.0,4.0
D25405CF-3A0E-4AE4-80DF-5CC754DF3FAB,Ridge Walk,Randy Wise Homes,Built Out,Single-Family Detached,Santa Rosa Beach,Walton,FL,30.357236,-86.229156,SM-22,Walton and Bay Beaches,66,0,0.0,2.0
873D35C9-425A-4D4A-B438-24504A5712BB,Nellie Preserve,D.R. Horton Inc,Active,Single-Family Detached,Santa Rosa Beach,Walton,FL,30.401646,-86.211662,SM-22,Walton and Bay Beaches,19,1,7.0,15.0
62CF664A-039A-4C3C-8C39-BA733A221229,Grand Chenier,Ardco Inc,Active,Single-Family Detached,Gulf Breeze,Santa Rosa,FL,30.393533,-86.991797,SM-09,Pensacola Beaches,16,9,3.0,1.0
5F1DAEC4-1D65-4AFF-A135-4C802F042D8A,Hammock Bay/Bird Song,DSLD Homes,Active,Single-Family Detached,Freeport,Walton,FL,30.469896,-86.179573,SM-20,Freeport,103,59,33.0,31.0
3D42A4A5-4387-455D-AF90-33E26C552A49,Overland ,D.R. Horton Inc,Active,Single-Family Detached,Fairhope,Baldwin,AL,30.523264,-87.841225,SM-06,West Baldwin,61,8,20.0,27.0
C198CF8E-2EAE-462F-AB1D-A8C5C9053DE9,Forest Park,Adams Homes,Active,Single-Family Detached,Robertsdale,Baldwin,AL,30.553295,-87.698062,SM-12,Central Baldwin,129,129,5.0,0.0
85A1F6AC-8878-4A89-9ADE-A01B9E67395A,Pathstone/Fallschase,D.R. Horton Inc,Active,Single-Family Detached,Pensacola,Escambia,FL,30.531164,-87.339695,SM-11,Cantonment,208,56,47.0,56.0
C8A2806E-DA33-42A7-BBA1-0B21FCCB4F8A,Crest Bay Cottages,D.R. Horton Inc,Active,Single-Family Detached,Miramar Beach,Walton,FL,30.385428,-86.355869,SM-22,Walton and Bay Beaches,19,19,0.0,0.0
9341B9DF-22B0-43BC-A5F7-EEF4FD882DCA,Deer Ridge Crossing,D.R. Horton Inc,Active,Single-Family Detached,Gulf Breeze,Santa Rosa,FL,30.412884,-86.977569,SM-09,Pensacola Beaches,58,38,49.0,20.0
F73A19EF-44F6-4C35-9CDF-E10F249FAB99,Lupin Beach,Alys Beach Construction ,Active,Single-Family Detached,Inlet Beach,Walton,FL,30.2711,-85.997575,SM-22,Walton and Bay Beaches,20,18,2.0,1.0
735FC0CC-34E8-4AB8-AFBD-9088B6530C1C,Emerald Heights,Adams Homes,Built Out,Single-Family Detached,Pensacola,Escambia,FL,30.398755,-87.396225,SM-07,Pensacola,38,0,0.0,10.0
74802CB2-6500-481E-B527-4BA3AC8219BE,Salter Rd Subdivision,Coastal Homes of NWF LLC | Crosswood Homes | Shear Construction,Active,Single-Family Detached,Jay,Santa Rosa,FL,30.778626,-87.195673,SM-14,Santa Rosa County,21,5,2.0,4.0
48193433-683F-4D41-B0FA-B534DB669CF0,Chase Farms,D.R. Horton Inc,Active,Single-Family Detached,Milton,Santa Rosa,FL,30.720419,-87.210466,SM-14,Santa Rosa County,78,8,23.0,30.0
7DA6B8C6-7D29-4860-B6D7-16D218AD4F3F,NatureView/North,DSLD Homes | Holiday Builders ,Active,Single-Family Detached,Ponce De Leon,Walton,FL,30.429471,-86.042394,SM-20,Freeport,266,258,31.0,8.0
3E878163-4875-4E11-A9C7-5FC2D0A45F28,Laurelbrooke,D.R. Horton Inc,Active,Single-Family Detached,Fairhope,Baldwin,AL,30.452686,-87.852233,SM-06,West Baldwin,100,15,37.0,39.0
E54B39DC-E769-4192-8D7B-B44105CE4B03,Haven at Fairhope,,Active,Single-Family Detached,Fairhope,Baldwin,AL,30.468348,-87.852997,SM-06,West Baldwin,174,174,0.0,0.0
FB6F5711-53C4-4528-B15B-4C83A24F867A,Blackwater Reserve,D.R. Horton Inc,Active,Single-Family Detached,Milton,Santa Rosa,FL,30.627463,-86.98027,SM-10,Milton,598,526,89.0,72.0
E38BA0BB-38D5-42A8-B07C-83359B3D0F39,Harrisburg Estates,D.R. Horton Inc | W. Douglas Harris Construction Inc,Active,Single-Family Detached,Crestview,Okaloosa,FL,30.795385,-86.595651,SM-17,Crestview,88,74,0.0,0.0
21070C78-F5A5-40D9-B034-1B009A49AC78,Buckeyes Landing,Herbst Homes ,Active,Single-Family Detached,Navarre,Santa Rosa,FL,30.461493,-86.906535,SM-21,Eglin AFB,62,62,17.0,0.0
C88EB0EC-2638-4308-8688-6C38AAEE40D0,Grasslands,Lennar Homes,Active,Single-Family Detached,Foley,Baldwin,AL,30.374236,-87.716777,SM-04,South Baldwin,258,255,32.0,3.0
B28A5CB8-4FA8-4CDF-9F71-0CECED3A026E,Wildwood Village,BluScape Homes,Active,Single-Family Detached,Inlet Beach,Walton,FL,30.281995,-86.00197,SM-22,Walton and Bay Beaches,45,35,5.0,5.0
737B7868-F19E-4D7A-80A2-21152476A4D3,Hamilton Ridge ,D.R. Horton Inc,Active,Single-Family Detached,Mobile,Mobile,AL,30.640913,-88.271501,SM-02,Central Mobile,136,19,21.0,39.0
BFD4CD8A-7329-4A03-86B6-58C8363F4F91,Shoal River Landing,D.R. Horton Inc,Built Out,Single-Family Detached,Crestview,Okaloosa,FL,30.735354,-86.534539,SM-17,Crestview,341,0,0.0,32.0
CFBCA5B8-9567-4ED5-9921-611D21E5584C,Ridge at Harvest Point,Lennar Homes,Active,Single-Family Detached,Milton,Santa Rosa,FL,30.693846,-87.050014,SM-10,Milton,262,262,13.0,0.0
8BC899C1-DEB0-428C-A655-8098CDE338AD,Elberta Place,Adams Homes,Built Out,Single-Family Detached,Elberta,Baldwin,AL,30.408671,-87.60359,SM-04,South Baldwin,8,0,0.0,8.0
FF51EA62-79FB-4B22-A0B3-B7551FD322A8,Old Towne Bayou,Tarey Franxman,Active,Single-Family Detached,Santa Rosa Beach,Walton,FL,30.40194,-86.228543,SM-22,Walton and Bay Beaches,13,13,1.0,0.0
371051CD-4BDC-454B-9231-E7439A965348,Hammock Bay/Vineyards ,Randy Wise Homes,Active,Single-Family Detached,Freeport,Walton,FL,30.492153,-86.164924,SM-20,Freeport,47,9,4.0,3.0
97ACC1B8-5173-4B89-B521-D8166AA21C2A,Rayne Plantation,D.R. Horton Inc,Active,Single-Family Detached,Daphne,Baldwin,AL,30.689581,-87.809327,SM-12,Central Baldwin,130,27,8.0,19.0
731CA60A-76F4-4B99-ABCD-9F08B9A5EDA3,Clear Water Landing,Herbst Homes ,Active,Single-Family Detached,Milton,Santa Rosa,FL,30.593469,-86.967343,SM-10,Milton,11,1,0.0,10.0
EF492272-D35E-4E95-B6FA-AD541AFBC915,Wilson Place ,Adams Homes,Built Out,Single-Family Detached,Daphne,Baldwin,AL,30.611651,-87.886497,SM-06,West Baldwin,6,0,0.0,4.0
F8DCE89C-AA8D-43E3-B3A1-3A9C5401C564,Bonita Crossing ,R & B Development,Active,Single-Family Detached,Panama City,Bay,FL,30.192626,-85.644195,SM-28,Panama City,10,7,0.0,3.0
7E438706-43B8-4880-A47B-1D4FF695BA3A,Nautilus Pointe at Inlet Beach,Brock Built,Active,Single-Family Detached,Inlet Beach,Walton,FL,30.27871,-86.001424,SM-22,Walton and Bay Beaches,32,31,0.0,1.0
2B19733E-B4CC-47BF-8464-23E23AFE80DA,North Hills at Fairhope,Crocker Homes | Farmstead Built | Pickering Building & Renovations ,Active,Single-Family Detached,Fairhope,Baldwin,AL,30.547627,-87.862042,SM-06,West Baldwin,108,74,13.0,14.0
E79CA31C-42F9-4331-9E55-8A8F9B596EBB,Anglebrook/SF,D.R. Horton Inc,Active,Single-Family Detached,Mobile,Mobile,AL,30.643144,-88.25802,SM-02,Central Mobile,107,107,8.0,0.0
11635966-89DE-4DA4-9D42-604C6DAECA31,Lakes of Woodbine,D.R. Horton Inc,Active,Single-Family Detached,Milton,Santa Rosa,FL,30.611751,-87.185019,SM-08,Pace,749,537,65.0,97.0
8F07AFE6-5B93-406A-92E5-2999747E411F,Buffalo Creek Estates,Owens Custom Homes,Active,Single-Family Detached,Milton,Santa Rosa,FL,30.71699,-87.216672,SM-14,Santa Rosa County,46,5,0.0,1.0
32C47EF3-03E1-4FC3-9720-3ABB8D3E0FA0,Lakeview Gardens ,DSLD Homes,Built Out,Single-Family Detached,Foley,Baldwin,AL,30.366819,-87.642366,SM-04,South Baldwin,93,0,0.0,1.0
AE18D829-8B6D-4043-BE2D-BC8315239D72,Three Hollow East,Century Communities | D.R. Horton Inc,Active,Single-Family Detached,Jay,Santa Rosa,FL,30.777953,-87.124651,SM-14,Santa Rosa County,34,5,15.0,28.0
DF883D1A-05EF-410A-9CF4-477E3DEB4F3F,College Station,Adams Homes | Camben Homes | Valor Communities,Active,Single-Family Detached,Panama City,Bay,FL,30.211264,-85.588294,SM-28,Panama City,459,300,27.0,11.0
ABCC43E0-7065-428D-A7EB-3B4897A8DAEE,Alexandras Park,,Active,Single-Family Detached,Panama City,Bay,FL,30.159546,-85.549259,SM-28,Panama City,361,361,0.0,0.0
C29BEE87-4D64-4E8A-9CA5-E1717013AFCB,Alys Beach/BK GG,Alys Beach Construction  | Earthbuild LLC | Ebsco Gulf Coast Development Inc | Galvas Construction Inc,Active,Single-Family Detached,Inlet Beach,Walton,FL,30.28961,-86.032254,SM-22,Walton and Bay Beaches,20,6,3.0,9.0
B49C69C2-A678-46F4-B110-89690248653A,Outlaws Way at Highlands City,George Outlaw Homes,Active,Single-Family Detached,Panama City,Bay,FL,30.19523,-85.615018,SM-28,Panama City,18,1,0.0,2.0
611A62F6-083E-4560-8941-1BA6C6E9AD40,Palmer Woods,D.R. Horton Inc,Active,Single-Family Detached,Semmes,Mobile,AL,30.78253,-88.244179,SM-02,Central Mobile,112,96,20.0,16.0
EA05CD26-4262-48AE-AA59-CF9471C828BC,Fox Glenn ,Adams Homes,Active,Single-Family Detached,Panama City,Bay,FL,30.161317,-85.569822,SM-28,Panama City,63,63,13.0,0.0
62F48ED2-471C-42FE-94A6-3D5FB3216654,Cove Pointe,Ben Wortman Construction | Cove Preservation Partners | Curole Construction LLC,Active,Single-Family Detached,Panama City,Bay,FL,30.153625,-85.643546,SM-28,Panama City,57,22,0.0,0.0
04A6A5F4-ED85-425A-AA1B-5FC74D2D6F16,Garden City Park,CJL Homes | Linc Grant Construction,Active,Single-Family Detached,Crestview,Okaloosa,FL,30.828354,-86.514129,SM-16,Laurel Hill,15,11,4.0,3.0
A21204AB-31BD-4CE4-B93D-9707BE509AB0,Blackwater Ridge,D.R. Horton Inc,Active,Single-Family Detached,Robertsdale,Baldwin,AL,30.553279,-87.671685,SM-12,Central Baldwin,257,243,34.0,14.0
1F65DFAC-E460-4943-83EA-D57883620690,Miller Commerce Park,,Active,Single-Family Detached,Freeport,Walton,FL,30.477816,-86.075374,SM-20,Freeport,15,15,0.0,0.0
3880145B-F5F8-4D29-810F-0D3ABF3CEF01,Leighton Village,Adams Homes | Lynn Nolan Construction | Twilley Builders Inc,Active,Single-Family Detached,Mobile,Mobile,AL,30.613374,-88.134783,SM-02,Central Mobile,44,25,12.0,4.0
FD8EA5AB-0E5F-4813-943A-97AE8EB72CA9,Sunny Hills/Unit 9,,Active,Single-Family Detached,Chipley,Washington,FL,30.610015,-85.567038,SM-25,Washington County,274,274,0.0,0.0
E01FD848-768A-4137-9C8D-F42B67DA8C85,Pinehurst Estates,Century Communities,Active,Single-Family Detached,Defuniak Springs,Walton,FL,30.7453,-86.130459,SM-19,Defuniak Springs,81,22,0.0,0.0
DC69CF87-D776-4A14-B6E0-AB00E584CD0F,Coastal Plantation,America's Home Place,Active,Single-Family Detached,Port Saint Joe,Gulf,FL,29.774268,-85.286167,SM-31,Gulf County,18,11,2.0,1.0
1ADFE3ED-0D43-4052-BD27-FB8A78B4B620,Autumn Lakes,D.R. Horton Inc,Active,Single-Family Detached,Elberta,Baldwin,AL,30.420082,-87.544458,SM-04,South Baldwin,205,195,25.0,10.0
E2687292-AB6E-44E2-813E-1EC9BC4902AE,Bailey Place,Mike McConnell Homes,Active,Single-Family Detached,Daphne,Baldwin,AL,30.602524,-87.856939,SM-06,West Baldwin,12,1,0.0,0.0
F8F2FD7D-8342-4CFD-A6DC-F9776ECBB0D8,Raley Farms,D.R. Horton Inc,Active,Single-Family Detached,Gulf Shores,Baldwin,AL,30.329608,-87.671074,SM-04,South Baldwin,448,204,69.0,47.0
3E279203-1944-4E69-8781-FB2ED68D1082,Kake Cottages,Contemporary Homes of Florida,Active,Single-Family Detached,Valparaiso,Okaloosa,FL,30.512362,-86.506363,SM-18,Fort Walton,20,5,5.0,6.0
B47AC40B-1535-4FD4-B326-E4BE3207ABBB,"Shoals, The",Brock Built,Active,Single-Family Detached,Santa Rosa Beach,Walton,FL,30.369392,-86.128714,SM-22,Walton and Bay Beaches,30,8,10.0,20.0
6A5C8233-63BB-4829-A67F-4D16DDFEBCEF,Sunny Hills/Unit 10,Century Communities | Lsk Construction | Peak 6 Construction LLC,Active,Single-Family Detached,Chipley,Washington,FL,30.552178,-85.53178,SM-25,Washington County,1140,1127,7.0,7.0
A6F072E0-3632-47C3-9191-D9A6C9D55C1B,Edens Landing/SF,BluScape Homes | Edens Landing Development Partners,Active,Single-Family Detached,Santa Rosa Beach,Walton,FL,30.364266,-86.122239,SM-22,Walton and Bay Beaches,40,9,0.0,0.0
5EA6DB3A-6BAC-4C3F-95C1-A90005F114E0,"Branch, The",Lennar Homes,Active,Single-Family Detached,Summerdale,Baldwin,AL,30.491544,-87.705273,SM-12,Central Baldwin,9,3,9.0,6.0
BB9F87F5-6D26-4284-B475-0158EE62D86C,Live Oak Village/SF,CHS Properties | DSLD Homes,Active,Single-Family Detached,Foley,Baldwin,AL,30.431506,-87.697401,SM-04,South Baldwin,96,22,27.0,34.0
B2F7B523-7994-47BB-9F95-A2D99D3AEBC1,Brookwood,Adams Homes,Active,Single-Family Detached,Crestview,Okaloosa,FL,30.820923,-86.558737,SM-16,Laurel Hill,38,38,14.0,0.0
B6A771AC-8E2B-48F8-B837-43F10515F113,Morningside ,D.R. Horton Inc,Active,Single-Family Detached,Panama City,Bay,FL,30.277162,-85.517414,SM-28,Panama City,134,84,15.0,18.0
58D6E844-503E-45E7-8BAE-405C93C60B9C,Yellow River Ranch,D.R. Horton Inc | Flynn Building Specialists | Holiday Builders ,Active,Single-Family Detached,Milton,Santa Rosa,FL,30.584803,-86.948845,SM-10,Milton,446,219,16.0,26.0
929EDECC-8A4E-47D9-BB4A-1B2DD56BE515,Stonechase,Celebrity Home Builders | Lennar Homes | Signature Homes LLC,Active,Single-Family Detached,Milton,Santa Rosa,FL,30.654992,-87.203038,SM-08,Pace,724,373,53.0,52.0
F12C7E75-784D-4B1D-A343-3DB9960D533F,Martins Woods,Century Communities | KLB Contracting LLC,Active,Single-Family Detached,Chipley,Washington,FL,30.760084,-85.522989,SM-25,Washington County,8,1,6.0,5.0
E7142C35-17A9-4BFA-86D9-70B8C2207E4C,Cotton District,DSLD Homes,Built Out,Single-Family Detached,Robertsdale,Baldwin,AL,30.569542,-87.730404,SM-12,Central Baldwin,90,0,0.0,0.0
868D72FA-FF76-4274-A237-6C5704264378,Penny Lakes,D.R. Horton Inc,Active,Single-Family Detached,Semmes,Mobile,AL,30.719548,-88.239929,SM-02,Central Mobile,121,74,9.0,0.0
B2A4F549-99EA-446B-A366-888BB2449C04,Royal Palms,,Active,Single-Family Detached,Santa Rosa Beach,Walton,FL,30.386739,-86.275818,SM-22,Walton and Bay Beaches,16,16,0.0,0.0
7B81B91E-999F-44DF-B51E-CD3FB277B41F,Hammock Bay/Harmony,D.R. Horton Inc | DSLD Homes | Holiday Builders  | Hop Building Company Inc | Jay Odom Group,Active,Single-Family Detached,Freeport,Walton,FL,30.49576,-86.164229,SM-20,Freeport,20,1,0.0,1.0
E5BBAB43-E5C7-4947-836E-A36D0DA8A498,Royal Meadows,D.R. Horton Inc,Active,Single-Family Detached,Loxley,Baldwin,AL,30.632521,-87.782131,SM-12,Central Baldwin,80,80,6.0,0.0
82E8F6DF-0C98-46F7-B765-D5CD95C095C3,Sunny Hills/Unit 5,Century Communities | McQuagge Development & Construction Inc,Active,Single-Family Detached,Chipley,Washington,FL,30.578449,-85.595856,SM-25,Washington County,520,508,0.0,0.0
A0D09B48-2C39-47FE-BCDF-F327A190017C,Hammock Bay/Starburst  ,DSLD Homes,Active,Single-Family Detached,Freeport,Walton,FL,30.463259,-86.178721,SM-20,Freeport,96,8,14.0,31.0
A7C76EBA-5F5A-470E-A57C-3EB6505E2218,Breakfast Point East,D.R. Horton Inc | Fischer Homes | Harris Doyle Homes Inc - Clayton Properties Group Inc | Samuel Taylor Homes,Active,Single-Family Detached,Panama City Beach,Bay,FL,30.195141,-85.791924,SM-22,Walton and Bay Beaches,930,666,104.0,84.0
99CC1B64-9FE8-4E7A-9486-3FA29A3CAB66,Cadence Place,Holiday Builders ,Built Out,Single-Family Detached,Milton,Santa Rosa,FL,30.672421,-87.058698,SM-10,Milton,49,0,0.0,10.0
B37373C0-9FA3-4883-9C32-7D4112775699,Ten Mile Rd Subdivision,Flynn Building Specialists,Active,Single-Family Detached,Milton,Santa Rosa,FL,30.721993,-87.20516,SM-14,Santa Rosa County,40,2,2.0,2.0
F2960124-5CC8-4A9A-A324-39AF30FE75B6,Palmetto Place ,CJL Homes | Valor Communities,Active,Single-Family Detached,Freeport,Walton,FL,30.521017,-86.132413,SM-20,Freeport,23,8,1.0,0.0
51BB6F39-7A34-4A70-8CB6-91D8157D1B03,Horizons Edge,Lennar Homes,Active,Single-Family Detached,Milton,Santa Rosa,FL,30.628515,-86.998516,SM-10,Milton,157,78,50.0,63.0
DF8DFFB0-A895-466C-A859-8DB4AACFDC5B,Willow Creek Plantation,CJL Homes,Active,Single-Family Detached,Crestview,Okaloosa,FL,30.792108,-86.508682,SM-17,Crestview,12,6,0.0,0.0
E3908F53-82E9-495E-B990-B23F8BCFFF97,Oak Hollow,CJL Homes,Active,Single-Family Detached,Crestview,Okaloosa,FL,30.816025,-86.495582,SM-17,Crestview,21,2,12.0,19.0
BE56B78B-81C5-4042-A792-787274E38123,Arbor Walk/Riverside,Benchmark Homes Group | D.R. Horton Inc | Southern Homes Al,Active,Single-Family Detached,Foley,Baldwin,AL,30.364862,-87.71647,SM-04,South Baldwin,191,13,5.0,3.0
7D9D27C8-13C1-4FA6-B8ED-41B7BEB3C7AF,Sunny Hills/Unit 8,B & D Builders | Century Communities | Gooden Homes | James Fletcher Construction | James Fletcher Construction Inc | Solara Homes,Active,Single-Family Detached,Chipley,Washington,FL,30.588158,-85.565696,SM-25,Washington County,1258,1248,0.0,4.0
CAD23777-B47D-4B0A-98A1-DD3056769243,Cedar Creek at Deerpoint Lake,Adams Homes | Coastal Classic Homes,Active,Single-Family Detached,Panama City,Bay,FL,30.331962,-85.588557,SM-29,Bay County Submarket 2,60,48,4.0,7.0
B4BD64BE-C912-43D4-A3CB-0DA7ABFC3157,Bishop Landing/SF,Brock Built,Active,Single-Family Detached,Santa Rosa Beach,Walton,FL,30.381905,-86.237294,SM-22,Walton and Bay Beaches,84,84,0.0,0.0
12FDDEE7-3F55-4EC2-994D-211224FA3FD0,Homewood Estates,Bryan Rogers Construction Inc | CJL Homes | D.R. Horton Inc | Homewood Properties LLC | Linc Grant Construction,Active,Single-Family Detached,Crestview,Okaloosa,FL,30.76895,-86.540987,SM-17,Crestview,78,2,2.0,5.0
26BC6BB7-9DBF-4F98-A822-D367B83380A7,Southern Palms,DSLD Homes | Holiday Builders ,Active,Single-Family Detached,Milton,Santa Rosa,FL,30.609387,-87.146892,SM-08,Pace,130,5,2.0,12.0
2466ADAB-AB56-4851-8071-0B3EF1603554,Allison Acres,Adams Homes,Active,Single-Family Detached,Cantonment,Escambia,FL,30.548191,-87.285397,SM-11,Cantonment,85,13,22.0,22.0
715DE010-EA63-41FA-A60B-13A5D75B125F,Waterside at East Bay,D.R. Horton Inc,Active,Single-Family Detached,Gulf Breeze,Santa Rosa,FL,30.413102,-86.985795,SM-09,Pensacola Beaches,96,96,0.0,0.0
12A15095-4C98-4513-838B-F65A396E3E4B,Sentinel Ridge,DSLD Homes,Active,Single-Family Detached,Milton,Santa Rosa,FL,30.614815,-87.104843,SM-08,Pace,348,274,44.0,40.0
65C735BB-FF6F-4704-9810-F6B78677889F,Glenlakes,BRI Construction | D.R. Horton Inc | John Thompson Homes | Lennar Homes | Maronda Homes | Rampy Construction | River Road Homes,Active,Single-Family Detached,Foley,Baldwin,AL,30.355891,-87.620126,SM-04,South Baldwin,299,109,21.0,9.0
19D977E2-62F0-4C7A-9AEB-5D89566B9B9A,Tradewinds at Regatta Bay,Boswell Builders & Sons | Southern Blue Construction Inc,Active,Single-Family Detached,Destin,Okaloosa,FL,30.393131,-86.412216,SM-22,Walton and Bay Beaches,55,48,4.0,3.0
2442B2D9-C260-4E85-A4C2-98A37EEFA88F,Juniper Trace,Century Communities | Darrell Miller Construction | Flynn Building Specialists,Active,Single-Family Detached,Defuniak Springs,Walton,FL,30.763485,-86.144442,SM-19,Defuniak Springs,17,1,1.0,1.0
7CA75343-35F7-44B3-AA62-978EB2C80FB8,Hammock Bay/Steamboat Landing  ,DSLD Homes | Eagle Venture Group LLC | Emerald Coast Premier Builders | Grand American Enterprises | Key Lime Construction | Randy Wise Homes,Active,Single-Family Detached,Freeport,Walton,FL,30.460892,-86.185209,SM-20,Freeport,104,89,6.0,10.0
2486578A-39CC-4279-A69F-1179D59CD245,Walton Pointe,Valor Communities,Active,Single-Family Detached,Defuniak Springs,Walton,FL,30.742009,-86.115897,SM-19,Defuniak Springs,65,65,0.0,0.0
D6BF8C01-D841-4BA4-8403-6832F009221C,Magnolia Lane,Brock Built,Active,Single-Family Detached,Miramar Beach,Walton,FL,30.399203,-86.306227,SM-22,Walton and Bay Beaches,32,32,0.0,0.0
F4C3630A-436A-4092-944F-7DCAA0D9C2A5,Watersound/Ward Creek/Bayside SF,D.R. Horton Inc,Active,Single-Family Detached,Panama City Beach,Bay,FL,30.255597,-85.87624,SM-22,Walton and Bay Beaches,206,61,39.0,27.0
EAB39DC9-EB26-4462-91E2-001ED74A0437,Wildwood Lakes,R&K Construction,Active,Single-Family Detached,Defuniak Springs,Walton,FL,30.744008,-86.221237,SM-19,Defuniak Springs,89,75,1.0,0.0
AAD68430-B3FB-4ADC-8F72-924AC146969D,Live Oak Estates,Lennar Homes,Built Out,Single-Family Detached,Fairhope,Baldwin,AL,30.507039,-87.855137,SM-06,West Baldwin,76,0,0.0,0.0
ADD377D7-9419-44A3-BD0A-EDE7C3B3D9CC,Hidden Grove,BMB Construction | BMKN Inc | Hidden Grove LLC | Magnolia Custom Homes Inc | Premier Builders of NWFL LLC | RAK Construction,Active,Single-Family Detached,Santa Rosa Beach,Walton,FL,30.393388,-86.285384,SM-22,Walton and Bay Beaches,78,13,0.0,3.0
207ACB30-DF68-4656-B4EF-C05E4802EB13,Southern Charm,CJL Homes,Active,Single-Family Detached,Crestview,Okaloosa,FL,30.80912,-86.477646,SM-17,Crestview,45,45,8.0,0.0
56B79067-86E8-4DA4-BF70-A29CA9EE2FE2,Independence (Okaloosa),D.R. Horton Inc,Active,Single-Family Detached,Crestview,Okaloosa,FL,30.751275,-86.483209,SM-17,Crestview,1200,1200,0.0,0.0
0059D991-8478-4552-B973-A521690ECD52,Ledgewick,DSLD Homes | Holiday Builders ,Built Out,Single-Family Detached,Foley,Baldwin,AL,30.427015,-87.66257,SM-04,South Baldwin,148,0,0.0,5.0
45C85BD8-8B49-4200-A33C-EC892EAC4AC8,Churchill,D.R. Horton Inc | DSLD Homes,Active,Single-Family Detached,Daphne,Baldwin,AL,30.684491,-87.819307,SM-12,Central Baldwin,256,52,19.0,7.0
124648CA-62A8-4619-845D-0D8C4BAB907C,Hidden Pines Estates,Adams Homes,Active,Single-Family Detached,Milton,Santa Rosa,FL,30.621717,-87.000286,SM-10,Milton,139,121,38.0,18.0
D382CDCD-3020-4A7B-BD4A-6C4119B8C79A,Kirksey Court,aDoor Development,Built Out,Single-Family Detached,Pensacola,Escambia,FL,30.41776,-87.228554,SM-07,Pensacola,14,0,0.0,0.0
3687DCEC-CB49-4037-994F-31A4DAFBA3CA,Sunny Hills/Unit 2,Century Communities | Deltona Corporation | D.R. Horton Inc | Homes by Deltona | Lsk Construction | McQuagge Development & Construction Inc,Active,Single-Family Detached,Chipley,Washington,FL,30.528777,-85.599035,SM-25,Washington County,1492,1434,6.0,10.0
B4786CB4-AA2E-4AF0-8759-6EE4A5B7ED74,Harvest Green West,D.R. Horton Inc,Active,Single-Family Detached,Fairhope,Baldwin,AL,30.55694,-87.852563,SM-06,West Baldwin,148,125,21.0,23.0
456CCADA-9C06-4887-95BD-027DD1E717D8,Elizabeth Gardens,D.R. Horton Inc,Active,Single-Family Detached,Silverhill,Baldwin,AL,30.515863,-87.782264,SM-12,Central Baldwin,260,260,9.0,0.0
C0D2E4B3-FDCA-4B1F-A092-CDCFA592C359,Riverwalk ,Adams Homes | Century Communities | D.R. Horton Inc | Holiday Builders  | JAB Holdings LLC,Active,Single-Family Detached,Freeport,Walton,FL,30.483442,-86.13353,SM-20,Freeport,173,18,0.0,5.0
7BF8E484-F782-439E-A362-D5AEA7325A0D,Rossfield,D.R. Horton Inc,Active,Single-Family Detached,Mobile,Mobile,AL,30.633551,-88.286024,SM-02,Central Mobile,163,52,62.0,54.0
417BD7EA-4254-4F2B-BA0A-E8EB5B23704E,Mary Annetta Estates,Holiday Builders  | Maronda Homes,Built Out,Single-Family Detached,Pensacola,Escambia,FL,30.530336,-87.321484,SM-11,Cantonment,45,0,0.0,3.0
7D1C3F34-292F-4253-B2DE-F88C7927559A,Magnolia Pines,D.R. Horton Inc,Active,Single-Family Detached,Foley,Baldwin,AL,30.426649,-87.73759,SM-04,South Baldwin,162,103,66.0,56.0
33DF0512-BCE2-418B-949A-B23238BA1ACF,Glenhollow,D.R. Horton Inc | Thomas Home Corporation,Active,Single-Family Detached,Pensacola,Escambia,FL,30.533347,-87.388884,SM-11,Cantonment,136,54,8.0,8.0
128C9D4E-EF72-4AC8-90C1-BA650FDE9739,Bluffs at Magnolia,D.R. Horton Inc,Active,Single-Family Detached,Freeport,Walton,FL,30.529934,-86.103588,SM-20,Freeport,129,125,14.0,4.0
09F31E5E-7812-4A5D-8803-29C22931296E,Greenbrier at Firethorne,Lennar Homes,Built Out,Single-Family Detached,Fairhope,Baldwin,AL,30.503539,-87.848202,SM-06,West Baldwin,30,0,0.0,0.0
EF433D0F-F68C-44E5-B6D1-3C0ECFD90DB8,Estates at the Verandas,Farmstead Built,Active,Single-Family Detached,Fairhope,Baldwin,AL,30.543998,-87.843948,SM-06,West Baldwin,39,15,2.0,4.0
F9BD30DA-8D5D-42EF-B971-878D2E5ADD6C,Hammock Bay/Reflection ,Randy Wise Homes,Active,Single-Family Detached,Freeport,Walton,FL,30.465429,-86.178621,SM-20,Freeport,59,49,4.0,4.0
7B974E48-9B74-4E7D-83CB-9C08D2FD58B2,Rivers Cove ,D.R. Horton Inc,Active,Single-Family Detached,Milton,Santa Rosa,FL,30.591389,-87.048516,SM-10,Milton,320,127,85.0,83.0
4685378D-1620-4840-9246-A8E509530619,Rolling Hills Estates (Mobile),,Active,Single-Family Detached,Saraland,Mobile,AL,30.867924,-88.118471,SM-02,Central Mobile,30,30,3.0,0.0
3B5691CA-2FEF-4EFD-824A-773CEFE14182,Saddle Ridge,Lennar Homes,Built Out,Single-Family Detached,Pensacola,Escambia,FL,30.509725,-87.362563,SM-11,Cantonment,143,0,0.0,9.0
34441E86-2F93-4D83-AEBD-E9100F702F47,Alys Beach/BK CC,,Active,Single-Family Detached,Inlet Beach,Walton,FL,30.289406,-86.030858,SM-22,Walton and Bay Beaches,3,3,0.0,0.0
B3A81062-1B19-49B0-9383-156CAE24B615,Hammock Bay/Splendor  ,DSLD Homes,Built Out,Single-Family Detached,Freeport,Walton,FL,30.467507,-86.179769,SM-20,Freeport,16,0,0.0,1.0
1E1E8493-3C49-483D-AA21-01B5E3EAD049,Live Oak Cottages,CJL Homes,Active,Single-Family Detached,Freeport,Walton,FL,30.499424,-86.132083,SM-20,Freeport,10,3,7.0,7.0
AE2D56BE-BD21-42A7-B3ED-08FE0CF0AF7D,Bentley Oaks,Mitchell Residential,Active,Single-Family Detached,Cantonment,Escambia,FL,30.584939,-87.33622,SM-11,Cantonment,82,8,14.0,18.0
99F287D0-C87F-40F9-8DE3-28E0E39BD56B,Sanctuary (Escambia),D.R. Horton Inc,Active,Single-Family Detached,Cantonment,Escambia,FL,30.642457,-87.318888,SM-11,Cantonment,269,182,94.0,73.0
9CADBF34-F39F-4044-9E54-8FEFD4A6DD50,Ellens Cove,D.R. Horton Inc,Active,Single-Family Detached,Grand Bay,Mobile,AL,30.516261,-88.341397,SM-02,Central Mobile,64,50,15.0,14.0
B34B13A5-2F50-4DE9-88EE-7008E93FB8DE,Cat Island Estates,Century Communities,Active,Single-Family Detached,Defuniak Springs,Walton,FL,30.778874,-86.13076,SM-19,Defuniak Springs,55,35,18.0,4.0
08A59371-2706-4563-9939-76C13839B25E,Tower Ridge Estates,Classic Homes of Pensacola,Active,Single-Family Detached,Pensacola,Escambia,FL,30.54736,-87.404015,SM-11,Cantonment,17,17,0.0,0.0
934294B9-0F4A-4651-99FF-81D21F0A969B,Parkwood,Thomas Home Corporation,Built Out,Single-Family Detached,Milton,Santa Rosa,FL,30.629247,-87.163772,SM-08,Pace,212,0,0.0,6.0
8F73D761-FDAA-4408-A671-2CDC68CD719D,Sunny Hills/Unit 19,Century Communities | CR Berry Builders Inc | Deltona Corporation | D.R. Horton Inc | Freeport Builders LLC | Gooden Homes | McQuagge Development & Construction Inc | Pixie Dust Perfect Home Builders Inc | Solara Homes,Active,Single-Family Detached,Chipley,Washington,FL,30.530933,-85.617113,SM-25,Washington County,1237,1057,7.0,9.0
51707D8B-4993-4D92-BE23-A39B0782CCD8,Wild Heron (Bay),Alpha First Construction | B & D Builders | Emerald View Construction | Focus Construction | Griffin Mitchell Inc | KSB Homes | Lake Powell LLC | Southern Hybird Homes LLC | Valor Communities,Active,Single-Family Detached,Panama City Beach,Bay,FL,30.28763,-85.976517,SM-22,Walton and Bay Beaches,251,214,9.0,10.0
90067504-3E39-4E05-9F7E-A28AB82CA727,Blossom Grove (Santa Rosa),Adams Homes,Active,Single-Family Detached,Milton,Santa Rosa,FL,30.682119,-87.103538,SM-08,Pace,56,56,25.0,0.0
A81A72DB-E045-414C-AA31-686A6A3741CB,Claires Vineyard,Alan Paul Construction | Cadenhead & Davis Construction,Built Out,Single-Family Detached,Crestview,Okaloosa,FL,30.797498,-86.55305,SM-17,Crestview,11,0,0.0,1.0
A086B1D8-857F-41E0-8919-EAC4BEF1367C,Reserve at Daphne,D.R. Horton Inc,Active,Single-Family Detached,Daphne,Baldwin,AL,30.612034,-87.83489,SM-06,West Baldwin,518,277,42.0,50.0
206E9F9B-43E8-421B-8982-82E216D2ACE3,Deer Moss Creek/Brookfield,Greg Goodwin Construction | Tidwell Homes | Wilson Ents of NW FL Inc,Active,Single-Family Detached,Niceville,Okaloosa,FL,30.533759,-86.437402,SM-18,Fort Walton,138,102,24.0,21.0
0638DCF9-080D-470D-8124-2186C2042B93,99 Palms,,Active,Single-Family Detached,Panama City Beach,Bay,FL,30.197392,-85.837942,SM-22,Walton and Bay Beaches,14,14,0.0,0.0
16F56485-590A-4E33-A904-2D312D9ED69E,Deer Moss Creek/Hartfield,Better Built of NW Florida Inc | Ferrin Campbell Construction | Grand American Enterprises | Janssen Construction Management Inc | Jimmy Henderson Construction Co LLC | J&V Builders Inc | Key Lime Construction | Randy Wise Homes | Ruckel Properties Inc | Tidwell Homes | Wilson Ents of NW FL Inc,Active,Single-Family Detached,Niceville,Okaloosa,FL,30.519295,-86.421298,SM-18,Fort Walton,2868,2610,19.0,25.0
DB8DCECD-E52C-4480-99BD-9932E19752E4,Sweetbay/Cottages,Harris Doyle Homes Inc - Clayton Properties Group Inc,Active,Single-Family Detached,Panama City,Bay,FL,30.208746,-85.680614,SM-28,Panama City,61,1,5.0,9.0
2EB73178-A6DB-4AC7-BBD3-A260B43BB61A,Sunny Hills/Unit 6,B & D Builders | Century Communities | Debco Construction Company | Deltona Corporation | D.R. Horton Inc | Gooden Homes | James Fletcher Construction | McQuagge Development & Construction Inc | Solara Homes,Active,Single-Family Detached,Chipley,Washington,FL,30.577496,-85.578941,SM-25,Washington County,1616,1492,13.0,21.0
57393BBE-BBDC-476E-92D9-BC965A78EEB6,Sunny Hills/Unit 13,,Active,Single-Family Detached,Chipley,Washington,FL,30.581767,-85.49265,SM-25,Washington County,1430,1430,0.0,0.0
104D3639-EE13-4021-9539-50953263054F,Brooke Estates,Whitworth Builders,Active,Single-Family Detached,Crestview,Okaloosa,FL,30.798935,-86.544793,SM-17,Crestview,204,7,1.0,1.0
490B86AE-8B26-4031-A4F3-D4C2B5441B34,Watersound/Camp Creek,Corestruction LLC | Paradise Coastal Builders LLC | Reeves & Shaw Homes LLC | Romain Construction Inc | The BG Group LLC,Active,Single-Family Detached,Inlet Beach,Walton,FL,30.30271,-86.035436,SM-22,Walton and Bay Beaches,263,192,52.0,32.0
BA4798A6-FFCC-4A45-BDDB-C142FEB4E31E,Azalea Gardens,D.R. Horton Inc,Active,Single-Family Detached,Loxley,Baldwin,AL,30.63269,-87.745173,SM-12,Central Baldwin,73,73,0.0,0.0
F2788FD3-85EC-4A86-A30D-18241199A962,River Oaks Estates,,Active,Single-Family Detached,Mobile,Mobile,AL,30.614267,-88.120639,SM-02,Central Mobile,11,11,0.0,0.0
FA50D5C5-A7F4-43D1-B6D4-8FCEFC047CE4,NatureView/South,DSLD Homes | Holiday Builders ,Active,Single-Family Detached,Ponce De Leon,Walton,FL,30.429035,-86.042705,SM-20,Freeport,444,424,45.0,20.0
95F5A616-E472-4BD6-BD82-00D92EB9BCE1,Pandion Place,Bill Walther Construction Inc | D.R. Horton Inc,Built Out,Single-Family Detached,Milton,Santa Rosa,FL,30.617848,-87.143868,SM-08,Pace,17,0,0.0,0.0
292059ED-3221-490F-B479-70EAEE928FC9,Holley Grove at Peach Creek,D.R. Horton Inc,Active,Single-Family Detached,Santa Rosa Beach,Walton,FL,30.367168,-86.105965,SM-22,Walton and Bay Beaches,43,22,41.0,21.0
FC70E9B0-92DE-4360-8FEA-E1D6E1F66F3B,Bear Creek/Cottages,4A Ventures | Brown Venture Investments Inc | Cavazos & Flores Construction | Coastal Custom Homebuilding | Southern Hybird Homes LLC | Valor Communities,Active,Single-Family Detached,Freeport,Walton,FL,30.442104,-86.122156,SM-20,Freeport,92,33,3.0,4.0
8A4B0127-99AE-4B07-AE5F-536BDF1AE526,Oxford Place,D.R. Horton Inc,Active,Single-Family Detached,Crestview,Okaloosa,FL,30.781071,-86.542001,SM-17,Crestview,99,99,19.0,0.0
42AD58B2-1569-4154-8D06-01B6E24DB27D,Creets Landing,Whitworth Builders,Active,Single-Family Detached,Navarre,Santa Rosa,FL,30.424582,-86.822005,SM-21,Eglin AFB,49,1,4.0,12.0
90E9C815-0D2F-4A75-BCC8-14953F8B387A,Roman Oaks ,D.R. Horton Inc,Active,Single-Family Detached,Gulf Breeze,Santa Rosa,FL,30.396234,-86.989909,SM-09,Pensacola Beaches,50,1,26.0,25.0
E964F51E-92B8-4079-8ADD-3A61040539EB,Sunny Hills/Unit 4,Century Communities | D.R. Horton Inc,Active,Single-Family Detached,Chipley,Washington,FL,30.538818,-85.589683,SM-25,Washington County,1102,902,0.0,2.0
1211C0BD-72A9-41D9-84B0-D655423AF528,Thompson Woods,,Active,Single-Family Detached,Santa Rosa Beach,Walton,FL,30.370103,-86.244182,SM-22,Walton and Bay Beaches,33,33,0.0,0.0
C20DAAAB-7E54-4C7E-ABEA-B60A13D770BE,Canterbury Park,BW Construction,Active,Single-Family Detached,Mobile,Mobile,AL,30.690222,-88.157628,SM-02,Central Mobile,12,9,0.0,1.0
B29D2204-E777-4C63-9BBC-94C062673829,Barton's Bend,CJL Homes,Active,Single-Family Detached,Crestview,Okaloosa,FL,30.795561,-86.547971,SM-17,Crestview,34,34,0.0,0.0
56D78E03-3B46-424C-8E99-A442D1F4B7F6,Alys Beach/BK DD,Alys Beach Construction  | Davis Dunn Construction | Earthbuild LLC | Galvas Construction Inc | Gulfview Development & Construction LLC | Hufham/Farris Construction LLC | JC Craig LLC | Koast Builders Inc | Regal Stephens Construction,Active,Single-Family Detached,Inlet Beach,Walton,FL,30.288447,-86.031422,SM-22,Walton and Bay Beaches,14,11,6.0,1.0
BC4B960C-24FE-44C8-A699-4F3B0D6CE52B,Riverbend Run,Lennar Homes,Active,Single-Family Detached,Panama City,Bay,FL,30.374998,-85.685929,SM-28,Panama City,310,310,0.0,0.0
E9D075A5-D4AF-4E26-8A40-F7D09702A259,Bella Terra/Enclave,Lennar Homes,Active,Single-Family Detached,Cantonment,Escambia,FL,30.63376,-87.33718,SM-11,Cantonment,51,51,7.0,0.0
5489DFEB-80ED-4785-BE09-DC7F3647D726,Mallard Landing,Lennar Homes,Built Out,Single-Family Detached,Pensacola,Escambia,FL,30.332275,-87.360073,SM-07,Pensacola,22,0,0.0,0.0
C480A52B-EAE0-42D3-9A9C-1970DF73DB71,Ponder Place,D.R. Horton Inc,Built Out,Single-Family Detached,Loxley,Baldwin,AL,30.588884,-87.730633,SM-12,Central Baldwin,132,0,0.0,16.0
06389D93-3C17-4722-ABC7-6C6694CF5C8A,Stonebridge/Montecello ,D.R. Horton Inc,Active,Single-Family Detached,Daphne,Baldwin,AL,30.682438,-87.794444,SM-12,Central Baldwin,396,59,50.0,39.0
EFD44DD3-B8B6-4234-BD27-24BAD801C35E,Kings Branch Estates ,Adams Homes | D.R. Horton Inc,Active,Single-Family Detached,Mobile,Mobile,AL,30.760412,-88.20141,SM-02,Central Mobile,194,11,0.0,4.0
6D4CF1DD-78BB-439D-8F6C-8488960BDA71,Yacht Harbor Cottages,Flynn Building Specialists,Active,Single-Family Detached,Pensacola,Escambia,FL,30.283367,-87.510765,SM-07,Pensacola,17,5,0.0,2.0
951E4955-F1B5-41D4-919E-78925E040F02,Kipling Station,Circle W Construction CO Inc | Clark Homes of Distinction Inc | Prime Design Homes,Active,Single-Family Detached,Theodore,Mobile,AL,30.482079,-88.167298,SM-01,South Mobile,35,7,0.0,0.0
60001777-B1C5-4F6B-8DC7-3B1BDAE5754A,Alden Park,Adams Homes,Active,Single-Family Detached,Mobile,Mobile,AL,30.603197,-88.289279,SM-02,Central Mobile,73,65,10.0,8.0
173CBF0C-5C62-492E-AE84-DA555E5240EB,Sandy Creek (Santa Rosa),Adams Homes,Active,Single-Family Detached,Milton,Santa Rosa,FL,30.666192,-87.212496,SM-08,Pace,131,131,0.0,0.0
D3E523C8-8103-4E11-B7D0-0B6422BFDC5F,Bellview Pointe,Maronda Homes,Active,Single-Family Detached,Pensacola,Escambia,FL,30.477881,-87.291569,SM-07,Pensacola,62,21,18.0,28.0
1A717176-BE21-4F99-83D9-049E638A33BA,Ashton Park,D.R. Horton Inc | Randy Wise Homes,Active,Single-Family Detached,Freeport,Walton,FL,30.526458,-86.128235,SM-20,Freeport,476,350,13.0,21.0
5D6264C5-0484-4741-9861-AC9EAB9489AC,Eagles Ridge,Lennar Homes,Active,Single-Family Detached,Milton,Santa Rosa,FL,30.608421,-87.123398,SM-08,Pace,146,31,81.0,95.0
F8F9ADE3-D538-40C4-B7B7-B9B8ED761456,Bluewater Landing,D.R. Horton Inc,Built Out,Single-Family Detached,Santa Rosa Beach,Walton,FL,30.345601,-86.207426,SM-22,Walton and Bay Beaches,31,0,0.0,0.0
BC302FF8-1101-4CD9-BDD9-9235E5EDC749,Costas Ridge,Bill Walther Construction Inc | Century Communities | Kevin Stanton Construction LLC,Active,Single-Family Detached,Jay,Santa Rosa,FL,30.831079,-87.139268,SM-14,Santa Rosa County,106,49,3.0,0.0
25DF973D-DADF-4FCF-9FD1-4C04F2659998,Park Place (Bay),D.R. Horton Inc,Active,Single-Family Detached,Panama City,Bay,FL,30.15253,-85.544155,SM-28,Panama City,402,193,35.0,37.0
68E7977F-1F63-48BF-B05B-4F67C1D12916,Canterbury Village,Benchmark Homes Group | Castle Homes | Flynn Building Specialists | Maronda Homes,Active,Single-Family Detached,Bay Minette,Baldwin,AL,30.900848,-87.778915,SM-05,North Baldwin,32,6,2.0,4.0
F1D256A3-940F-4AC1-A9BD-14548E92FAF2,Mexico Beach/Salt Creek SF,Holiday Builders ,Active,Single-Family Detached,Port Saint Joe,Bay,FL,29.957894,-85.434663,SM-22,Walton and Bay Beaches,92,84,23.0,8.0
23AAF9C2-90DA-4901-B03E-85BE2930364D,Marigold,D.R. Horton Inc,Built Out,Single-Family Detached,Foley,Baldwin,AL,30.412346,-87.692668,SM-04,South Baldwin,5,0,5.0,5.0
3E473594-BBB3-457C-81ED-D0638C2C8204,Sunny Hills/Unit 12,,Active,Single-Family Detached,Chipley,Washington,FL,30.559131,-85.509968,SM-25,Washington County,1444,1444,0.0,0.0
F342C9C1-5F61-4CE4-B8AD-C0B46C33FDA3,Alys Beach/BK AB,Alys Beach Construction ,Active,Single-Family Detached,Inlet Beach,Walton,FL,30.285944,-86.033077,SM-22,Walton and Bay Beaches,7,7,1.0,0.0
7126C45B-A97B-416C-B893-86D6EAD10248,Alys Beach/BK V,,Active,Single-Family Detached,Inlet Beach,Walton,FL,30.286954,-86.025162,SM-22,Walton and Bay Beaches,8,8,0.0,0.0
DBDF3340-BA57-4C09-806D-BB82500BD11B,Rhetts Run,D.R. Horton Inc,Active,Single-Family Detached,Jay,Santa Rosa,FL,30.778711,-87.156396,SM-14,Santa Rosa County,286,268,0.0,14.0
1E77DEA4-0844-43FD-878C-8D2B48E2EA4D,Bay Street Village,D.R. Horton Inc,Built Out,Single-Family Detached,Foley,Baldwin,AL,30.394791,-87.679936,SM-04,South Baldwin,77,0,0.0,11.0
5EE1F0FE-D38B-4F70-93B0-1D99AFBCE367,Mill Creek,,Active,Single-Family Detached,Summerdale,Baldwin,AL,30.494161,-87.730238,SM-12,Central Baldwin,283,283,0.0,0.0
06A43B7B-21A1-48C4-A5C0-B53762B0F6EB,Titus Park,D.R. Horton Inc,Active,Single-Family Detached,Panama City,Bay,FL,30.240665,-85.590411,SM-28,Panama City,996,558,73.0,80.0
DE45FB26-2DBE-44CC-9DF6-F4EBE5A6C1C1,Sweetbay/SF,Fischer Homes | Harris Doyle Homes Inc - Clayton Properties Group Inc | Samuel Taylor Homes,Active,Single-Family Detached,Panama City,Bay,FL,30.212462,-85.684498,SM-28,Panama City,232,11,0.0,0.0
1867D5B9-8976-4127-8394-3953A1F97E3E,Hammock Bay/Lanterns,DSLD Homes,Active,Single-Family Detached,Freeport,Walton,FL,30.464111,-86.179654,SM-20,Freeport,6,1,3.0,5.0
7AB2FAC2-6750-44C8-9005-8F03663554E6,Grove at Berry Hill,D.R. Horton Inc,Active,Single-Family Detached,Milton,Santa Rosa,FL,30.639883,-87.08949,SM-08,Pace,54,42,33.0,12.0
376665A2-BFB1-48C2-AB9E-F335DA7DB659,Ivey Ridge,D.R. Horton Inc,Active,Single-Family Detached,Loxley,Baldwin,AL,30.602426,-87.75262,SM-12,Central Baldwin,68,68,0.0,0.0
F78FA01B-D6F3-45F0-ACC2-DC27ECA7AE4A,Village at Grayton Beach,Better Built of NW Florida Inc,Active,Single-Family Detached,Santa Rosa Beach,Walton,FL,30.342736,-86.163089,SM-22,Walton and Bay Beaches,47,5,0.0,2.0
A6FC81D6-92A7-4041-BC49-B7CBAD80943F,Southtown,Benchmark Homes Group | Smith Douglas Homes | Terra Cane LLC,Active,Single-Family Detached,Robertsdale,Baldwin,AL,30.530104,-87.71895,SM-12,Central Baldwin,213,204,4.0,3.0
1C9BED49-7FB3-4472-8CC5-26D032A36800,Blossom Grove (Okaloosa),CJL Homes,Active,Single-Family Detached,Crestview,Okaloosa,FL,30.816467,-86.513996,SM-16,Laurel Hill,9,2,5.0,7.0
AC45DC71-2C21-4910-823A-1ACC638F884F,Sweet Bay (Walton),Focus Construction | Soyaz Constructinon,Active,Single-Family Detached,Inlet Beach,Walton,FL,30.282546,-86.006425,SM-22,Walton and Bay Beaches,21,10,3.0,2.0
AFBEE9F7-0C33-42D4-BEEE-F88387821317,Longbranch,D.R. Horton Inc,Built Out,Single-Family Detached,Fairhope,Baldwin,AL,30.50386,-87.866605,SM-06,West Baldwin,28,0,0.0,2.0
0A39362C-B043-4970-810F-352D46D0BBB5,Nature Lake ,Whitworth Builders,Active,Single-Family Detached,Crestview,Okaloosa,FL,30.809415,-86.562575,SM-17,Crestview,159,82,2.0,4.0
5E417986-64D2-40FD-997B-A384B10762DD,Pace Commons/SF,Henry Company Homes,Active,Single-Family Detached,Milton,Santa Rosa,FL,30.580893,-87.111046,SM-08,Pace,1054,1042,19.0,12.0
18CD676C-F340-4376-907D-6BB94727DDB3,Carl Booker Rd Eastside,D.R. Horton Inc,Built Out,Single-Family Detached,Milton,Santa Rosa,FL,30.605689,-86.962572,SM-10,Milton,25,0,0.0,0.0
AF9BA502-07A7-4D7B-AF98-8E6967B01C27,Carl Booker Rd Westside,Flynn Building Specialists,Active,Single-Family Detached,Milton,Santa Rosa,FL,30.60215,-86.963748,SM-10,Milton,12,7,7.0,3.0
23B91462-BDA1-4BE7-8D27-3A2C0DE84F65,Muldoon Pointe,Adams Homes,Built Out,Single-Family Detached,Pensacola,Escambia,FL,30.455153,-87.315715,SM-07,Pensacola,33,0,0.0,4.0
EFEBA9CD-21E3-446C-8C1F-9F17B5F73348,Heronshaw,Southern Ventures Corp,Active,Single-Family Detached,Navarre,Santa Rosa,FL,30.406566,-86.847017,SM-21,Eglin AFB,29,29,0.0,0.0
331E9C4B-28B1-42BB-83B4-B19277877BC3,Rosewood,D.R. Horton Inc,Active,Single-Family Detached,Foley,Baldwin,AL,30.368889,-87.716896,SM-04,South Baldwin,161,12,30.0,34.0
1B224332-7F19-4FA7-9347-687FB511146A,Roberts Cove,D.R. Horton Inc,Active,Single-Family Detached,Gulf Shores,Baldwin,AL,30.354241,-87.6467,SM-04,South Baldwin,566,273,91.0,89.0
865C804C-10D3-49BC-B3DE-59B0C51ECEF2,Alys Beach/BK UU & VV,Alys Beach Construction  | Arkon Group | Koast Builders Inc,Active,Single-Family Detached,Inlet Beach,Walton,FL,30.283019,-86.027637,SM-22,Walton and Bay Beaches,17,4,2.0,11.0
917C1280-4AA3-4C61-95AE-269C4FB3C444,Lyle Farms,D.R. Horton Inc,Active,Single-Family Detached,Milton,Santa Rosa,FL,30.667238,-87.045565,SM-10,Milton,180,180,0.0,0.0
8EDCE1A1-2D28-45E2-ABD5-F8902F588818,Bridle Wood Estates,CJL Homes,Built Out,Single-Family Detached,Crestview,Okaloosa,FL,30.810875,-86.456177,SM-17,Crestview,7,0,3.0,7.0
BC423CAB-844A-4EEA-ABA3-AE87F5B20A1C,Hammock Bay/Aurora ,Holiday Builders ,Built Out,Single-Family Detached,Freeport,Walton,FL,30.462958,-86.179908,SM-20,Freeport,39,0,0.0,0.0
51D4F4C2-535E-4738-A10B-701C6864114F,Longmire Trail East,D.R. Horton Inc,Active,Single-Family Detached,Mobile,Mobile,AL,30.594431,-88.253574,SM-02,Central Mobile,219,219,0.0,0.0
A2287DD7-E413-4699-BF31-E39CC99DFDDE,Magnolia Cottages ,Benchmark Homes Group,Active,Single-Family Detached,Magnolia Springs,Baldwin,AL,30.405045,-87.772962,SM-04,South Baldwin,12,7,0.0,4.0
CBF1908D-EA79-42F1-9BC6-FA892671F164,Clarke Place,BC Daniels Inc,Active,Single-Family Detached,Mobile,Mobile,AL,30.650924,-88.244299,SM-02,Central Mobile,14,10,0.0,0.0
3367EE8F-6621-46DD-ACE5-680D26553C14,Hammond Place,D.R. Horton Inc,Active,Single-Family Detached,Milton,Santa Rosa,FL,30.628874,-86.940921,SM-10,Milton,81,81,0.0,0.0
FE394B3E-8CDC-459C-B9D8-BBDC70E7B0CB,Palmetto Bluff/Retreat,D.R. Horton Inc,Active,Single-Family Detached,Port Saint Joe,Gulf,FL,29.784232,-85.289846,SM-31,Gulf County,58,8,13.0,21.0
27F38668-B482-4632-A0DF-5EBE0B4E4B7B,Captain's Cove,D.R. Horton Inc,Active,Single-Family Detached,Navarre,Santa Rosa,FL,30.409398,-86.836954,SM-21,Eglin AFB,92,92,22.0,0.0
DA6AA67A-D5F2-46AE-AF95-EAB9E4B4D11D,Alys Beach/BK WW,,Active,Single-Family Detached,Inlet Beach,Walton,FL,30.283086,-86.02895,SM-22,Walton and Bay Beaches,5,5,0.0,0.0
4761EB69-94C4-4684-884C-85083A6F3436,Indian Bayou West,,Active,Single-Family Detached,Destin,Okaloosa,FL,30.396734,-86.463924,SM-22,Walton and Bay Beaches,45,45,0.0,0.0
C52220EA-8337-4F29-915D-CBBCB81E0140,Saltaire,DSLD Homes,Active,Single-Family Detached,Panama City,Bay,FL,30.198348,-85.707159,SM-28,Panama City,25,25,0.0,0.0
6F3F1BC3-42F9-49C4-B797-29E0D322FABA,Sawmill Estates,Taunton Development Inc,Active,Single-Family Detached,Wewahitchka,Gulf,FL,30.120421,-85.195913,SM-31,Gulf County,27,27,0.0,0.0
0A59C7EA-1940-49F9-8499-A309B4658553,Tapestry Park,Holland Homes LLC | Southern Coastal Homes,Active,Single-Family Detached,Panama City Beach,Bay,FL,30.198773,-85.82899,SM-22,Walton and Bay Beaches,157,9,1.0,2.0
1878D2F5-BE23-4672-863C-713E6E861E41,Watersound/Pines,Huff Homes | Romair Homes,Active,Single-Family Detached,Inlet Beach,Walton,FL,30.291818,-85.996618,SM-22,Walton and Bay Beaches,72,4,11.0,17.0
80C44212-8DB4-4203-B385-2724D8046DA1,Owls Head East/SF,D.R. Horton Inc | Valor Communities,Active,Single-Family Detached,Defuniak Springs,Walton,FL,30.554787,-86.102649,SM-20,Freeport,507,327,72.0,62.0
20F1BDC9-5793-4FC7-81C3-C71445CA443F,Magnolia Bay Estates (Walton),Brannon Construction | Live Oak Homes & Development Inc | Traton Homes,Active,Single-Family Detached,Freeport,Walton,FL,30.502227,-86.189942,SM-20,Freeport,79,44,6.0,6.0
4B4E0457-8532-44D0-A9E5-8CAD66227A3A,Martinique,Clements Construction | Valor Communities,Active,Single-Family Detached,Panama City,Bay,FL,30.150267,-85.741795,SM-22,Walton and Bay Beaches,65,62,2.0,2.0
8794B380-21EA-4A07-A712-0DB8DBBD7166,Parkland Place,Adams Homes,Active,Single-Family Detached,Milton,Santa Rosa,FL,30.647442,-87.137083,SM-08,Pace,850,850,2.0,0.0
79978C7E-C59C-4787-879C-97FBD07335A6,Seminole Bend,Maronda Homes,Active,Single-Family Detached,Pensacola,Escambia,FL,30.554317,-87.380329,SM-11,Cantonment,110,108,12.0,2.0
7F8D07DE-9A38-4B19-9FFE-46D562FBBE61,Sunny Hills/Unit 11,,Active,Single-Family Detached,Chipley,Washington,FL,30.532344,-85.518077,SM-25,Washington County,1313,1313,0.0,0.0
9813E7EA-BAEE-4B64-9926-859ACCE185A5,Osprey Landing,DSLD Homes,Active,Single-Family Detached,Gulf Shores,Baldwin,AL,30.323753,-87.673566,SM-04,South Baldwin,90,42,0.0,0.0
2519CC28-8D98-474D-BD29-3BE6181F88C7,Heritage Dunes,Bella Mare Real Estate Holdings,Active,Single-Family Detached,Santa Rosa Beach,Walton,FL,30.309277,-86.101635,SM-22,Walton and Bay Beaches,28,6,1.0,1.0
0BD326A4-62C7-4D40-8FD0-8A202914826A,Pinetrace,Branum Builders ,Active,Single-Family Detached,Bay Minette,Baldwin,AL,30.877129,-87.796813,SM-05,North Baldwin,10,10,0.0,0.0
44C3E010-E0A3-47B0-916A-115229916411,Marlin Place at Avalon (SantaRosa),D.R. Horton Inc,Active,Single-Family Detached,Milton,Santa Rosa,FL,30.575765,-87.081644,SM-10,Milton,305,234,47.0,44.0
3C2D83A1-E6AE-475C-BCB1-FD69820EDC32,River Oaks,DSLD Homes,Active,Single-Family Detached,Foley,Baldwin,AL,30.390586,-87.697514,SM-04,South Baldwin,230,82,26.0,39.0
16C77C85-F73E-41D2-936A-1905769BC8C1,Driftwood Lakes,DSLD Homes,Active,Single-Family Detached,Foley,Baldwin,AL,30.391651,-87.714706,SM-04,South Baldwin,139,139,0.0,0.0
FC571BE8-EF70-4658-81D3-1B52F091FCB6,Sunny Hills/Unit 14,,Active,Single-Family Detached,Chipley,Washington,FL,30.606918,-85.495221,SM-25,Washington County,1972,1972,0.0,0.0
63534DD8-E3E1-4C6D-B452-0BC745C55BA4,Preserve at Russell Crossing,D.R. Horton Inc,Active,Single-Family Detached,Pensacola,Escambia,FL,30.376074,-87.332468,SM-07,Pensacola,27,13,27.0,14.0
